overall_ranking,model_ranking,ranking_difference,id,name,position,age,model_score,position_player_score,pitcher_score,in_game_potential,demand
0,0,0,57147,Kevin Oldroyd,3B,18,89.87,89.87,0.0,80,$1.9m
1,1,0,27388,Devin Marah,2B,19,86.56,86.56,0.0,80,$3.2m
2,2,0,57238,Joel Gara,SP,18,84.61,13.29,84.61,75,$7.5m
3,3,0,19872,Jonathan Painter,LF,22,83.59,73.78,39.24,80,$1.4m
4,4,0,57413,Sergio Cano,1B,18,83.01,83.01,0.0,80,$2.0m
5,5,0,57243,Mike Thompson,SP,18,81.91,8.41,81.91,70,$4.8m
6,6,0,57789,Dave Murray,SP,21,80.4,1.65,80.4,80,$8.5m
7,7,0,57877,Jeremy Jolin,SP,17,79.94,0.45,79.94,60,$5.5m
8,8,0,57297,Mike Geraghty,CF,17,79.38,79.38,0.0,80,$1.7m
9,9,0,57080,Chris Allen,LF,18,77.01,77.01,0.0,70,$1.1m
10,10,0,57973,Bobby Walker,SP,18,72.38,1.67,76.19,80,$7.5m
11,11,0,58042,Jeremy Flores,SP,21,72.0,2.2,72.0,60,$4.6m
12,12,0,28511,Shane Turner,SP,21,71.66,0.93,75.44,70,$6.5m
13,13,0,57185,Vinny Flores,SP,18,71.48,2.66,71.48,65,$2.2m
14,14,0,57363,Mike Snyder,CF,18,69.72,69.72,0.0,55,$750k
15,15,0,57962,Eric Webb,3B,18,68.36,68.36,0.0,55,$600k
16,16,0,57393,Jimmy Robinson,SP,18,68.01,1.67,68.01,55,$2.2m
17,17,0,57869,Shemar Monroe,CF,18,67.76,67.76,0.0,70,$1.0m
18,18,0,57119,Rusty Bell,RF,17,67.52,67.52,0.0,60,$550k
19,19,0,58116,Rodolfo Jauregui,SS,21,64.7,68.1,0.0,75,$5.5m
20,20,0,57971,Mike Adams,SP,18,64.16,1.79,64.16,65,$2.6m
21,21,0,57920,Dan Cook,1B,21,62.83,62.83,0.0,70,$370k
22,22,0,57369,Ruben Nunez,RF,18,61.38,61.38,0.0,60,$1.2m
23,23,0,58678,Jake Byrnes,SP,21,60.83,3.4,60.83,50,$4.4m
24,24,0,57832,Eric Nolen,SP,18,59.97,1.19,59.97,55,$850k
25,25,0,30514,Josh Gonzalez,SP,18,59.9,2.64,59.9,60,$1.9m
26,26,0,41084,Nate Godfrey,CF,21,59.86,59.86,0.0,50,$600k
27,27,0,57416,Sean Hammer,RF,17,59.36,59.36,0.0,65,$850k
28,28,0,58691,Sam Gutierrez,CF,18,59.23,59.23,0.0,50,$550k
29,29,0,59647,Ramon Roybal,SP,22,57.62,2.99,57.62,55,$480k
30,30,0,57938,Jon Wood,SP,21,57.31,2.57,63.68,60,$5.5m
31,31,0,58064,Bobby Ruyle,CF,18,56.99,56.99,0.0,60,$800k
32,32,0,51901,Charlie Truex,SS,22,56.51,56.51,0.0,60,$200k
33,33,0,57383,Jesus Reyna,3B,18,56.1,56.1,0.0,50,Slot
34,34,0,24261,Billy Lundquist,SP,17,55.53,0.7,55.53,50,$470k
35,35,0,57143,Steve Jensen,SP,18,55.08,0.64,55.08,45,$1.4m
36,36,0,58699,Jorge Diaz,SP,22,54.91,10.4,61.01,55,$5.5m
37,37,0,57943,Steve Bassett,SP,21,54.91,1.39,54.91,50,$950k
38,38,0,48509,IAN HERRING,SP,23,54.59,3.19,54.59,50,$440k
39,39,0,58052,Joe Twinam,LF,18,54.27,47.37,27.6,35,Slot
40,40,0,57331,Dusty Sucher,SP,18,54.23,1.13,54.23,45,$950k
41,41,0,57280,Alex Aguirre,SP,18,54.2,1.18,57.06,60,$2.2m
42,42,0,57201,Omar Barrientos,SS,18,54.18,54.18,0.0,50,$650k
43,43,0,57320,Tyler Lakey,3B,17,54.13,54.13,0.0,60,$650k
44,44,0,57267,Chris Renfro,SP,17,53.89,1.05,53.89,50,$1.4m
45,45,0,57978,Victor Barreto,2B,18,53.21,53.21,0.0,35,$550k
46,46,0,57923,Jim Welch,SP,18,52.86,0.66,55.64,50,$1.9m
47,47,0,57391,Micah Binz,RF,18,52.8,52.8,0.0,50,Slot
48,48,0,57123,Jeremy Ritter,RF,17,52.14,52.14,0.0,45,$550k
49,49,0,57106,Mike Oliver,3B,18,52.05,52.05,0.0,50,$500k
50,50,0,57885,Ben Valdes,3B,18,51.83,51.83,0.0,50,$550k
51,51,0,58753,Vince Neal,CF,21,50.91,50.91,0.0,50,$320k
52,52,0,57926,Mike Reaves,RF,18,50.79,50.79,0.0,50,Slot
53,53,0,58025,Phil Tarbush,1B,21,50.46,50.46,21.64,60,$250k
54,54,0,57169,Joe Price,SS,18,50.38,50.38,0.0,40,Slot
55,55,0,57206,Franklin Carillo,SP,18,49.69,1.1,66.25,60,$9.0m
56,56,0,19892,Pete McLellan,3B,21,49.09,49.09,0.0,45,$190k
57,57,0,57091,Luis Ocampo,SP,18,49.08,0.31,51.66,50,$1.1m
58,58,0,38027,Raul Jose Strom,SP,18,49.04,1.08,49.04,45,$850k
59,59,0,58041,Alex Betancourt,SS,21,49.03,49.03,0.0,50,$280k
60,60,0,58056,Josh Page,1B,21,48.86,48.86,0.0,50,$380k
61,61,0,47771,Jim Julien,CF,22,48.7,48.7,0.0,50,$210k
62,62,0,57819,Andy Misiewicz,RF,21,48.5,48.5,0.0,60,Slot
63,63,0,58716,Andy Dunn,SS,22,48.5,48.5,0.0,50,$170k
64,64,0,52758,Jim Mosher,CF,22,48.48,48.48,0.0,50,$220k
65,65,0,58734,Joe Schafer,SS,18,48.48,48.48,0.0,40,$500k
66,66,0,57298,Chris Cain,SP,18,48.41,1.23,48.41,40,Slot
67,67,0,57314,Danny Christman,3B,18,48.23,50.77,0.0,45,$950k
68,68,0,57405,Chris Sheesley,SS,18,48.04,48.04,0.0,40,$550k
69,69,0,57392,Jim Miller,1B,18,47.8,47.8,0.0,45,Slot
70,70,0,57958,Leo Mendez,C,21,47.74,47.74,0.0,75,$420k
71,71,0,44895,Dan Waigand,SS,20,47.53,47.53,0.0,45,Slot
72,72,0,57948,Pat Laybourn,SP,21,47.36,3.12,49.85,40,$1.2m
73,73,0,52263,Don Allain,3B,20,46.28,46.28,0.0,50,$310k
74,74,0,56558,SKYLER ROBINSON,SP,18,46.07,0.28,46.07,45,$240k
75,75,0,27966,Jeff Cooley,LF,21,45.22,45.22,0.0,45,Slot
76,76,0,57872,Adrian Plascencia,SP,21,45.2,1.32,45.2,45,$550k
77,77,0,21881,Josh Collins,LF,19,45.16,45.16,0.0,40,Slot
78,78,0,58673,Chris Clayton,RF,21,45.06,45.06,0.0,45,$270k
79,79,0,57952,Luis Rodriguez,CF,21,44.83,44.83,0.0,45,$270k
80,80,0,58668,Jeff Wiltshire,SP,21,44.66,3.54,55.82,55,$5.0m
81,81,0,42601,Angel Rivera,3B,17,44.66,44.66,0.0,40,Slot
82,82,0,24667,Josh Cobb,2B,21,44.65,44.65,0.0,30,Slot
83,83,0,57254,Chris Clayton,CF,18,44.47,44.47,0.0,45,$550k
84,84,0,40812,Bobby Gray,2B,21,44.3,44.3,0.0,40,$220k
85,85,0,57191,Chris Kindy,1B,18,44.29,44.29,0.0,50,Slot
86,86,0,24766,Ricky Lara,SP,22,44.27,1.97,55.34,55,$2.8m
87,87,0,57301,Jon Lindsey,2B,17,44.27,44.27,0.0,50,$550k
88,88,0,57365,Andy Berish,SP,18,44.18,4.55,44.18,40,Slot
89,89,0,58740,Jake Bowser,SP,18,44.12,1.2,55.16,50,$4.8m
90,90,0,1905,Bobby Holbrook,SS,18,43.83,43.83,0.0,40,$500k
91,91,0,57835,Gavrilo Zuzoric,CF,21,43.79,43.79,0.0,45,$550k
92,92,0,58091,David Montano,CF,18,43.48,43.48,0.0,30,Slot
93,93,0,22616,Mike Hughes,SS,21,43.07,43.07,0.0,45,$240k
94,94,0,57103,Jeremy Howard,CF,18,43.02,43.02,0.0,30,$550k
95,95,0,58022,Beau Petrillo,C,21,42.86,42.86,0.0,45,$240k
96,96,0,57860,Milo Obrenovic,SP,17,42.5,0.64,53.13,50,$4.2m
97,97,0,58711,Jeremy Pfeuffer,SP,21,42.37,2.03,42.37,45,$410k
98,98,0,58098,Jeff Patterson,SP,22,42.3,3.69,44.53,50,$1.1m
99,99,0,50961,Bobby Brulotte,2B,22,42.05,42.05,0.0,35,Slot
100,100,0,57359,Tim Scanlon,SP,18,41.65,0.38,41.65,45,$550k
101,101,0,57935,Josh Hille,3B,21,41.61,41.61,0.0,40,$320k
102,102,0,57925,Sid Lee,CF,17,41.57,41.57,0.0,40,Slot
103,103,0,57968,Mike Krueger,SP,21,41.49,3.66,51.86,45,$4.6m
104,104,0,57283,Bob Maldonado,CF,18,41.43,41.43,0.0,35,$550k
105,105,0,57309,Josh Zollars,SP,17,40.79,0.36,40.79,25,$550k
106,106,0,26593,Josh Bue,CF,18,40.47,40.47,0.0,35,Slot
107,107,0,52010,Eric Tutwiler,SP,19,40.4,1.06,40.4,40,$430k
108,108,0,19852,Steve Defa,CF,21,40.31,40.31,0.0,40,Slot
109,109,0,56677,Andy Esparza,SS,19,40.07,40.07,0.0,35,Slot
110,110,0,57165,Jim Booth,C,18,39.99,39.99,0.0,45,Slot
111,111,0,47765,Angel Ramirez,LF,21,39.96,39.96,0.0,40,$280k
112,112,0,57887,Chris Deane,SP,21,39.88,2.36,39.88,45,$330k
113,113,0,57777,Eddie Zavala,SP,18,39.77,1.88,39.77,30,$500k
114,114,0,53039,Hector Jimenez,2B,22,39.7,39.7,0.0,30,Slot
115,115,0,58075,Luis Rivera,SP,21,39.7,1.82,39.7,45,$650k
116,116,0,57344,Noel Erdman,2B,17,39.69,39.69,0.0,30,Slot
117,117,0,19236,Josh Wherry,3B,22,39.65,39.65,0.0,45,Slot
118,118,0,57842,Bill Smith,CF,17,39.54,39.54,0.0,35,Slot
119,119,0,57976,Nelson Blanch,CF,18,39.51,39.51,0.0,30,Slot
120,120,0,28385,J.J. Grigsby,SS,22,39.44,39.44,0.0,40,Slot
121,121,0,57265,Mike Kell,3B,18,39.38,39.38,0.0,35,Slot
122,122,0,57257,Jared De Geest,SP,17,39.36,2.23,39.36,50,Slot
123,123,0,57846,Alex Mata,SP,20,39.28,1.37,49.11,50,$1.3m
124,124,0,58020,Jerry Doggett,SP,21,39.17,1.91,39.17,30,$400k
125,125,0,53012,Vince Leggett,LF,19,39.03,39.03,0.0,35,Slot
126,126,0,36108,Mel Antonio,C,22,39.0,39.0,0.0,65,Slot
127,127,0,57424,Devin Brown,LF,17,38.98,38.98,0.0,35,Slot
128,128,0,51203,Yutaka Fujihara,LF,22,38.9,38.9,0.0,35,Slot
129,129,0,23530,Sam Cunningham,RF,21,38.83,38.83,0.0,45,Slot
130,130,0,57399,Sean Smerud,SS,18,38.81,38.81,0.0,35,$550k
131,131,0,58027,Milton Carruthers,2B,21,38.81,38.81,0.0,30,Slot
132,132,0,41622,Jonathan White,2B,21,38.6,38.6,0.0,35,Slot
133,133,0,41698,Chris Coletta,SS,21,38.56,38.56,6.99,40,Slot
134,134,0,57218,Beau Koyle,CF,17,38.42,38.42,0.0,30,Slot
135,135,0,29291,Alex Cervantes,LF,18,38.19,38.19,0.0,25,Slot
136,136,0,58731,Dave Miles,CF,21,38.17,38.17,0.0,40,Slot
137,137,0,19646,Cameron Smith,CF,21,38.11,38.11,0.0,30,$270k
138,138,0,52730,Mike Douglas,2B,20,37.94,37.94,0.0,35,Slot
139,139,0,21877,Tommy Jacks,CF,22,37.92,37.92,0.0,45,Slot
140,140,0,27071,Nate Bergner,CF,21,37.87,37.87,0.0,45,$320k
141,141,0,57417,Chad Flanagan,SP,18,37.82,0.34,47.28,40,$1.9m
142,142,0,59649,Eric Fultz,SP,22,37.81,3.42,47.27,45,$1.5m
143,143,0,58761,Jimmy Randall,1B,18,37.41,37.41,14.31,40,Slot
144,144,0,57245,Chris Kilburn,SS,18,37.39,37.39,0.0,35,Slot
145,145,0,57388,Jonathan McNamara,2B,18,37.36,37.36,0.0,25,Slot
146,146,0,57066,Liam Bayne,SS,18,37.16,37.16,0.0,35,Slot
147,147,0,58012,Josh Bernardoni,3B,18,37.06,37.06,0.0,35,Slot
148,148,0,57279,Mike Watson,SP,18,37.0,8.15,46.24,45,$2.6m
149,149,0,57418,Dan Landeen,SS,18,36.87,36.87,0.0,35,Slot
150,150,0,57794,Jim Writt,SP,18,36.68,1.76,36.68,40,Slot
151,151,0,57803,Steve Jefferson,RF,18,36.57,36.57,0.0,30,Slot
152,152,0,57067,Chris Shaffer,LF,18,36.47,36.47,0.0,30,Slot
153,153,0,58683,Dave Greco,SP,21,36.09,1.59,36.09,40,$450k
154,154,0,57944,Eric Ruiz,1B,21,35.83,35.83,0.0,45,Slot
155,155,0,57950,Mike Vences,SP,21,35.57,0.9,44.46,45,$1.0m
156,156,0,57176,Robby Tamillo,1B,18,35.55,35.55,0.0,35,Slot
157,157,0,57356,Jose Tamargo,RP,18,35.52,2.13,35.52,55,Slot
158,158,0,28336,Danny Guerrero,3B,21,35.35,35.35,0.0,45,$290k
159,159,0,57879,Charlie Dillon,CF,18,35.34,35.34,0.0,30,Slot
160,160,0,57090,Chris Murphy,RF,18,35.25,35.25,0.0,40,Slot
161,161,0,58062,Jon Weldon,SP,21,35.12,0.75,43.9,45,$1.5m
162,162,0,58051,Ted Barr,2B,21,35.02,35.02,0.0,40,Slot
163,163,0,56794,Dusty Lawrence,SP,22,34.99,1.56,34.99,40,$200k
164,164,0,57930,Jim Minnick,SP,21,34.89,0.39,43.61,55,$1.1m
165,165,0,48239,Jon Lievanos,SS,22,34.88,34.88,0.0,35,Slot
166,166,0,57847,Pat Birdsall,3B,21,34.84,34.84,0.0,40,Slot
167,167,0,57249,Jim Blodgett,CF,18,34.8,34.8,0.0,25,Slot
168,168,0,58721,Bob McCann,2B,21,34.73,34.73,0.0,35,Slot
169,169,0,57098,Chris Boutwell,2B,18,34.66,34.66,0.0,20,Slot
170,170,0,57905,Chris Parsons,3B,20,34.66,34.66,0.0,35,Slot
171,171,0,56388,Joe Snure,CF,18,34.64,34.64,0.0,30,Slot
172,172,0,57212,Joe Batten,CF,17,34.59,34.59,0.0,30,Slot
173,173,0,28426,Andy Carbajal,LF,18,34.57,34.57,0.0,25,Slot
174,174,0,58113,Josh Mettler,SP,21,34.5,1.05,53.08,50,$7.0m
175,175,0,58665,Jaylen Jackson,CF,18,34.48,34.48,0.0,30,Slot
176,176,0,57347,Tommy Matthews,3B,18,34.33,34.33,0.0,40,Slot
177,177,0,57250,Justin Banks,CF,18,34.29,34.29,0.0,25,Slot
178,178,0,57364,Jake Tremblay,SS,18,34.28,34.28,0.0,30,Slot
179,179,0,57936,Ron Komar,SP,21,34.26,1.22,34.26,40,$490k
180,180,0,58719,Chris Robertson,SP,18,34.17,0.73,34.17,35,Slot
181,181,0,57939,Ben Hulbert,2B,18,34.09,34.09,0.0,20,Slot
182,182,0,57075,Ian Brantly,SS,18,34.01,34.01,0.0,35,Slot
183,183,0,51871,Eric Traver,C,22,34.01,34.01,0.0,45,Slot
184,184,0,47588,Josh Hoolihan,SP,21,33.99,1.49,52.3,60,$6.5m
185,185,0,57127,Art Ertz,3B,18,33.94,33.94,0.0,25,Slot
186,186,0,57878,Steve Krebs,C,21,33.9,33.9,0.0,40,$200k
187,187,0,41108,Devon Hammond,SP,22,33.77,3.02,33.77,35,$380k
188,188,0,57153,Cy Krause,LF,18,33.67,33.67,0.0,30,Slot
189,189,0,58083,Chris Van Hyfte,C,21,33.55,33.55,0.0,40,Slot
190,190,0,22010,Jose Medina,C,21,33.53,33.53,0.0,30,Slot
191,191,0,58017,Gabe Chesnut,CF,21,33.44,33.44,0.0,35,Slot
192,192,0,57890,Danny Dunmyre,CF,18,33.42,33.42,0.0,30,Slot
193,193,0,51976,Doug Termaat,3B,21,33.26,33.26,0.0,45,Slot
194,194,0,57972,Steve Hanscom,1B,17,32.97,32.97,0.0,45,Slot
195,195,0,57222,Junjiro Muto,SP,18,32.94,2.16,41.18,40,$1.5m
196,196,0,40691,Andy Chesbrough,SP,21,32.91,0.23,32.91,20,Slot
197,197,0,19649,Curt Stuckey,C,21,32.88,32.88,0.0,35,Slot
198,198,0,57332,Marc Konrady,1B,18,32.86,32.86,0.0,40,Slot
199,199,0,58112,Eddie Melendez,CF,19,32.83,32.83,0.0,25,Slot
200,200,0,58061,Chris Pindell,3B,21,32.62,32.62,0.0,35,Slot
201,201,0,57155,Mike Burdine,2B,18,32.61,32.61,0.0,25,Slot
202,202,0,52260,Jim Penix,SP,22,32.55,1.77,32.55,30,Slot
203,203,0,24844,Josh Skaar,LF,22,32.54,32.54,0.0,35,Slot
204,204,0,53047,Josh Bray,SP,23,32.53,2.34,32.53,40,$170k
205,205,0,57377,Jeremy Call,C,18,32.48,32.48,0.0,30,Slot
206,206,0,57957,Josh Piras,CF,18,32.47,32.47,0.0,30,Slot
207,207,0,56577,Quadir Hurt,CF,19,32.36,32.36,0.0,30,Slot
208,208,0,57171,Eric Sorrel,C,18,32.22,32.22,13.91,30,Slot
209,209,0,57406,Eric Cornett,3B,18,32.2,32.2,0.0,30,Slot
210,210,0,57776,Thang Vu-Pham,3B,21,32.11,32.11,0.0,35,$240k
211,211,0,58666,Gabe Robinson,3B,22,32.07,32.07,0.0,35,Slot
212,212,0,29400,Mike Gardner,SP,21,31.86,7.93,31.86,35,$340k
213,213,0,57901,Billy Rae,CF,18,31.82,31.82,0.0,30,Slot
214,214,0,57781,Josh Burton,3B,17,31.74,31.74,0.0,30,Slot
215,215,0,57271,Phil Dutterer,CF,17,31.69,31.69,0.0,30,Slot
216,216,0,58006,Curt Hinkle,2B,18,31.62,31.62,0.0,20,Slot
217,217,0,55357,Jon Engstrom,SP,21,31.51,0.39,31.51,25,Slot
218,218,0,58741,Chris Musial,2B,21,31.45,31.45,0.0,25,Slot
219,219,0,57415,Tim Benyamin,LF,18,31.44,31.44,0.0,35,Slot
220,220,0,57290,Tyrone Price,CF,18,31.21,31.21,0.0,20,Slot
221,221,0,51968,Jonathan Roblero,SS,20,31.12,31.12,0.0,35,Slot
222,222,0,57362,Tim Shaw,2B,18,31.1,31.1,0.0,20,Slot
223,223,0,57868,Julio Valenzuela,3B,18,31.03,31.03,0.0,25,Slot
224,224,0,57821,Manny Macias,2B,21,30.98,30.98,0.0,35,Slot
225,225,0,57333,Jonathan Bell,CF,18,30.98,30.98,0.0,30,Slot
226,226,0,57802,Jim Potts,SP,18,30.98,6.54,38.72,45,$550k
227,227,0,57156,Chris Jones,SS,18,30.85,30.85,6.59,30,Slot
228,228,0,58055,Jon Smartnick,SP,17,30.8,0.33,30.8,20,Slot
229,229,0,57092,Mike DeVaux,CF,18,30.75,30.75,0.0,20,Slot
230,230,0,57425,Chris Smallwood,SP,18,30.71,1.62,38.39,35,$650k
231,231,0,57321,Danny Thoele,C,18,30.71,30.71,0.0,35,Slot
232,232,0,28421,Jorge Pena,SP,21,30.62,4.05,38.27,45,$650k
233,233,0,19858,Jon Ash,CF,21,30.59,30.59,0.0,25,Slot
234,234,0,57130,Josh Raue,CF,18,30.53,30.53,0.0,20,Slot
235,235,0,57186,Ed Fields,SP,18,30.49,0.25,38.12,30,$550k
236,236,0,43958,Josh Hayles,C,21,30.4,30.4,0.0,40,Slot
237,237,0,57974,Xavier Daniels,3B,21,30.39,30.39,0.0,30,Slot
238,238,0,58095,Mo Carrington,3B,18,30.38,30.38,0.0,20,Slot
239,239,0,57987,Andy Conour,1B,22,30.36,30.36,0.0,40,Slot
240,240,0,57124,Joe Lien,C,18,30.15,30.15,0.0,35,Slot
241,241,0,57428,Vinny Licon,SP,17,29.94,0.36,29.94,25,Slot
242,242,0,57430,Raul Jimenez,CF,18,29.73,29.73,0.0,25,Slot
243,243,0,57933,Ed Rankin,SP,22,29.69,1.52,29.69,30,$310k
244,244,0,40195,Bobby Bagby,SP,20,29.59,0.36,29.59,25,Slot
245,245,0,58748,Ivan Uribe,RF,18,29.58,29.58,0.0,35,Slot
246,246,0,58031,Rusty Whitney,LF,17,29.56,29.56,0.0,20,Slot
247,247,0,57876,Matt Bishop,LF,20,29.45,29.45,0.0,30,Slot
248,248,0,57310,Joey Embry,SS,18,29.43,29.43,0.0,30,Slot
249,249,0,43813,Mark Watt,SP,19,29.41,0.31,29.41,20,Slot
250,250,0,51813,Dan Bondeson,SP,22,29.27,3.58,29.27,25,Slot
251,251,0,30499,Jon Morrison,SP,21,29.2,3.3,36.5,40,$600k
252,252,0,57432,Jose Arteaga,2B,18,29.19,29.19,0.0,20,Slot
253,253,0,57205,Samuel Williams,SS,18,29.16,29.16,0.0,25,Slot
254,254,0,58009,Jose Bouza,SP,18,29.15,0.73,36.44,30,$550k
255,255,0,58692,Nate Owens,SP,21,29.07,1.58,29.07,35,Slot
256,256,0,57228,Dave Coffill,SS,18,29.05,29.05,0.0,25,Slot
257,257,0,1488,Dave Kane,1B,17,29.04,29.04,7.26,40,Slot
258,258,0,58019,Robby Christopher,SS,21,29.04,29.04,0.0,30,Slot
259,259,0,58092,Andy Townsend,1B,18,28.98,28.98,0.0,30,Slot
260,260,0,58729,Mike Singer,1B,18,28.97,28.97,0.0,30,Slot
261,261,0,57431,Caleb Tucker,RF,18,28.95,28.95,0.0,35,Slot
262,262,0,57177,Steve Bethel,3B,18,28.81,28.81,0.0,30,Slot
263,263,0,57104,Greg Crissman,1B,18,28.81,28.81,0.0,35,Slot
264,264,0,57370,Eric Nevins,CF,17,28.8,25.58,12.87,30,Slot
265,265,0,52642,Jonathan Borchers,RF,22,28.72,28.72,0.0,35,Slot
266,266,0,58086,Chris Kersten,SP,21,28.6,6.28,28.6,25,Slot
267,267,0,57403,Aiden Dawkins,1B,18,28.6,28.6,0.0,30,Slot
268,268,0,59650,Jordan Delgado,C,19,28.57,28.57,0.0,30,Slot
269,269,0,57964,Bob Downey,3B,22,28.47,28.47,0.0,40,Slot
270,270,0,58036,Toby Clark,SS,18,28.44,28.44,0.0,35,Slot
271,271,0,39493,Jon Sharpe,LF,21,28.43,28.43,0.0,30,Slot
272,272,0,57253,Dave Brown,CF,18,28.34,28.34,0.0,30,Slot
273,273,0,58743,Bobby Guerrero,RF,18,28.31,28.31,6.05,30,Slot
274,274,0,58005,Jesus Albidrez,RF,21,28.26,28.26,0.0,40,Slot
275,275,0,57906,Phil Sloan,CF,21,28.25,28.25,0.0,25,Slot
276,276,0,58679,Josh Morrow,SP,21,28.23,2.88,28.23,25,Slot
277,277,0,52475,Danny Bannen,SP,22,28.22,6.12,28.22,25,Slot
278,278,0,57825,Paul Boulter,SS,21,28.21,28.21,0.0,30,Slot
279,279,0,59654,Rob Roberts,SS,21,28.19,28.19,0.0,40,Slot
280,280,0,40681,Sam Burns,CF,21,28.16,28.16,0.0,25,Slot
281,281,0,57329,Rodrigo Mejia,C,17,28.11,28.11,0.0,30,Slot
282,282,0,53005,Ramon Barrera,SP,21,28.1,7.06,28.1,35,$270k
283,283,0,57317,Nate Jones,1B,18,28.02,28.02,0.0,30,Slot
284,284,0,57996,Jose Luna,SP,18,27.99,0.26,27.99,30,Slot
285,285,0,57898,Josh Walsh,SP,21,27.95,0.42,27.95,20,Slot
286,286,0,57918,Isaiah Holsey,SS,22,27.91,27.91,0.0,30,Slot
287,287,0,57125,Andy Loyd,SS,18,27.9,27.9,8.28,25,Slot
288,288,0,57148,Randy Kester,SS,18,27.75,27.75,3.02,20,Slot
289,289,0,57251,Victor Rodriguez,C,18,27.69,27.69,0.0,35,Slot
290,290,0,57086,Nate Boothe,3B,18,27.68,27.68,0.0,20,Slot
291,291,0,57387,Benton Lees,1B,18,27.68,27.68,0.0,35,Slot
292,292,0,57822,Darius Burkley,RF,21,27.65,27.65,0.0,35,Slot
293,293,0,57084,Joel Martin,SP,18,27.51,4.01,27.51,20,Slot
294,294,0,58696,Chris Dyer,SP,22,27.48,6.96,27.48,20,Slot
295,295,0,57269,Bubba Lawrence,SP,18,27.48,0.4,27.48,20,Slot
296,296,0,57214,Chris Brown,2B,17,27.31,27.31,0.0,20,Slot
297,297,0,58063,Victor Contreras,CF,22,27.3,27.3,0.0,25,Slot
298,298,0,57910,Jimmy Reaves,SP,20,27.28,1.06,27.28,30,$190k
299,299,0,58723,Tim Muller,SS,21,27.14,27.14,0.0,30,Slot
300,300,0,57268,Dan DeVoe,C,18,27.11,27.11,0.0,20,Slot
301,301,0,57937,Josh Brazelton,3B,21,27.07,27.07,0.0,25,Slot
302,302,0,57178,Eric Lindsey,SP,18,26.99,1.13,33.73,40,$550k
303,303,0,57197,Dave Griffith,SS,18,26.97,33.71,0.0,35,$550k
304,304,0,58003,Ethan Touchstone,RF,21,26.97,26.97,0.0,30,Slot
305,305,0,57888,Jim Rivers,SP,21,26.91,2.86,26.91,25,Slot
306,306,0,58096,Jon Weik,RF,21,26.82,26.82,0.0,30,Slot
307,307,0,57965,Kurt Gibson,SP,21,26.7,0.27,26.7,25,Slot
308,308,0,58035,Leon Vega,SS,18,26.68,26.68,0.0,20,Slot
309,309,0,57867,Josh Schwarz,2B,21,26.65,26.65,0.0,25,Slot
310,310,0,57069,Willie Verdugo,SS,18,26.62,26.62,0.0,20,Slot
311,311,0,57131,Robert Dominguez,SP,18,26.61,0.26,33.26,35,$550k
312,312,0,57217,Jim Mock,RF,18,26.51,26.51,0.0,25,Slot
313,313,0,57322,Joe Pritchard,3B,18,26.41,26.41,0.0,20,Slot
314,314,0,57184,Erik Tarka,RF,18,26.4,26.4,0.0,40,Slot
315,315,0,50218,Pat Andrews,RF,19,26.39,26.39,0.0,30,Slot
316,316,0,40806,Alfredo Tamariz,CF,21,26.32,26.32,0.0,35,Slot
317,317,0,58085,Tim Holton,SP,18,26.31,1.27,26.31,20,Slot
318,318,0,57810,Jaden Gainous,SS,21,26.23,26.23,0.0,25,Slot
319,319,0,57248,J.J. Phillips,SP,18,26.23,8.55,26.23,20,Slot
320,320,0,58067,Arturo Padilla,SP,18,26.18,1.95,26.18,20,Slot
321,321,0,57840,Jeremy LaSure,SS,21,26.13,26.13,0.0,35,Slot
322,322,0,58715,Jarred Massaro,1B,18,26.09,26.09,0.0,30,Slot
323,323,0,58118,Chris Barton,SP,18,26.08,0.4,26.08,30,Slot
324,324,0,57792,Mike Ruiz,SP,21,26.07,0.45,26.07,30,$200k
325,325,0,27891,Chris King,1B,21,26.07,26.07,0.0,35,Slot
326,326,0,57193,Chris Spencer,3B,17,26.07,26.07,0.0,20,Slot
327,327,0,57234,John Rhys Minetti,3B,18,26.02,26.02,0.0,20,Slot
328,328,0,57076,Dave Mann,C,18,25.99,25.99,0.0,20,Slot
329,329,0,48348,Jeremy Shannon,LF,22,25.95,25.95,0.0,20,Slot
330,330,0,58072,Pat Homrich,C,17,25.95,25.95,0.0,25,Slot
331,331,0,25629,Allen Bolden,SP,20,25.86,2.05,36.95,40,$950k
332,332,0,58033,Bobby White,3B,18,25.8,25.8,0.0,30,Slot
333,333,0,57373,Gabe Owens,SP,17,25.75,0.6,25.75,20,Slot
334,334,0,58704,Dante Mira,RF,21,25.7,25.7,0.0,35,Slot
335,335,0,57208,Andy Pietrzak,LF,18,25.67,25.67,0.0,20,Slot
336,336,0,57796,J.D. Garza,SP,21,25.62,0.8,25.62,25,Slot
337,337,0,58755,Chris Brizendine,2B,21,25.62,25.62,0.0,25,Slot
338,338,0,57074,Joe Stacy,C,18,25.6,25.6,0.0,30,Slot
339,339,0,58767,Felix Vasquez,SP,21,25.59,1.49,25.59,30,Slot
340,340,0,58736,Danny Aguilera,CF,21,25.58,25.58,0.0,35,Slot
341,341,0,58054,Chris Keener,LF,21,25.57,25.57,0.0,25,Slot
342,342,0,57275,Jim Cotton,2B,18,25.55,25.55,0.0,20,Slot
343,343,0,58687,Pete Ingraham,CF,21,25.54,25.54,0.0,30,Slot
344,344,0,58011,Amari Simpson,CF,21,25.52,25.52,11.97,30,Slot
345,345,0,58672,Jeff White,2B,18,25.49,25.49,0.0,20,Slot
346,346,0,58764,Omar Patterson,LF,22,25.45,25.45,0.0,20,Slot
347,347,0,57302,Mike Moorman,3B,18,25.44,25.44,0.0,20,Slot
348,348,0,57841,Steve Goad,SP,21,25.43,4.03,25.43,25,Slot
349,349,0,57235,Steve Ruggiero,SS,18,25.4,25.4,0.0,30,Slot
350,350,0,58090,Pat Ray,CF,18,25.39,25.39,0.0,20,Slot
351,351,0,57886,Branden Sulton,SP,21,25.38,1.75,36.26,40,$1.0m
352,352,0,21635,Danny Ewing,CF,21,25.29,25.29,0.0,30,Slot
353,353,0,58100,Chris Wesson,SS,18,25.24,25.24,0.0,30,Slot
354,354,0,57345,Josh Meyer,SP,18,25.23,7.48,36.05,35,$750k
355,355,0,57292,Jim Simon,SP,17,25.21,1.03,25.21,20,Slot
356,356,0,58049,Jose Delfin,SS,18,25.2,25.2,0.0,25,Slot
357,357,0,57799,Steve Eskue,SP,18,25.14,1.7,25.14,20,Slot
358,358,0,57172,David Montenegro,RP,18,25.11,4.74,25.11,50,Slot
359,359,0,59646,Brad Cox,CF,20,25.1,25.1,0.0,35,Slot
360,360,0,58684,Tony Ray,SP,21,25.02,1.62,25.02,20,Slot
361,361,0,57145,Eric Horter,SS,18,24.91,24.91,0.0,25,Slot
362,362,0,50395,J.R. Ibarra,SS,22,24.89,24.89,0.0,30,Slot
363,363,0,57259,Chris Snow,CF,18,24.8,24.8,0.0,20,Slot
364,364,0,32372,Alex Campuzano,SP,21,24.78,1.65,24.78,35,$240k
365,365,0,50262,Andy Lightsey,SP,22,24.75,1.66,24.75,30,Slot
366,366,0,19957,Joe Tiffany,SS,21,24.73,24.73,0.0,25,Slot
367,367,0,58065,Jeremiah Swain,C,19,24.71,24.71,0.0,30,Slot
368,368,0,57348,Danny Stump,RF,17,24.7,24.7,0.0,35,Slot
369,369,0,285,Chris Daly,CF,21,24.7,24.7,0.0,25,Slot
370,370,0,57823,Steve Martin,SP,21,24.68,0.28,24.68,25,Slot
371,371,0,57211,Nate Clark,C,18,24.63,24.63,0.0,20,Slot
372,372,0,57993,A.J. Gervais,SP,17,24.62,6.72,30.77,35,$550k
373,373,0,57880,Mike Hawkins,SP,21,24.55,2.63,24.55,20,Slot
374,374,0,57824,Andy Paulson,SP,21,24.54,0.29,24.54,20,Slot
375,375,0,57077,Vic Heim,C,18,24.54,24.54,0.0,30,Slot
376,376,0,57900,Eddie Whitby,2B,21,24.52,24.52,0.0,25,Slot
377,377,0,58689,Oscar Canchola,RF,21,24.49,24.49,0.0,25,Slot
378,378,0,57931,Dan Nichol,SS,21,24.45,24.45,2.08,25,Slot
379,379,0,57420,Tony Phillips,CF,17,24.43,24.43,0.0,25,Slot
380,380,0,57101,Mike Wheeler,SS,18,24.37,24.37,0.0,20,Slot
381,381,0,57219,Lysandra Tzivas,CF,18,24.33,24.33,0.0,25,Slot
382,382,0,19771,Joe Rood,SP,18,24.33,1.22,24.33,20,Slot
383,383,0,48500,Tyler Roberts,SP,22,24.29,3.66,24.29,40,$290k
384,384,0,58771,Jim Law,2B,18,24.27,24.27,0.0,25,Slot
385,385,0,58718,Chris Zabka,C,21,24.25,24.25,0.0,30,Slot
386,386,0,40789,Ricky Kerkman,SP,21,24.21,0.24,24.21,25,$190k
387,387,0,57386,Gabe Parker,2B,17,24.21,24.21,0.0,20,Slot
388,388,0,58693,Nick Demery,2B,21,24.18,24.18,0.0,20,Slot
389,389,0,58694,Jim Nelson,CF,22,24.18,24.18,0.0,25,Slot
390,390,0,52783,Pat Baker,SP,21,24.17,2.98,24.17,20,Slot
391,391,0,57295,Joe Kennedy,SP,18,24.03,0.84,24.03,20,Slot
392,392,0,58670,Zach Gasko,SP,22,23.91,0.55,34.16,25,$800k
393,393,0,58698,Jim Pierce,C,21,23.9,23.9,0.0,20,Slot
394,394,0,57341,Josh Flanagan,C,18,23.87,23.87,0.0,20,Slot
395,395,0,57787,Donnie Delgadillo,SP,22,23.83,0.24,29.79,35,$470k
396,396,0,58726,Joe Parker,CF,21,23.76,23.76,0.0,35,Slot
397,397,0,58733,Steve Rudd,SP,17,23.75,2.39,59.38,65,$9.0m
398,398,0,57072,Steve Rupp,2B,18,23.74,23.74,0.0,20,Slot
399,399,0,57336,Steve Knudson,C,18,23.66,29.58,0.0,20,$550k
400,400,0,1710,Jose Perez,CF,21,23.59,23.59,0.0,20,Slot
401,401,0,57410,Alan Baucom,RF,17,23.53,23.53,2.46,35,Slot
402,402,0,58038,Jose Sylva,LF,17,23.51,23.51,0.0,25,Slot
403,403,0,51894,Brad Bitar,SP,21,23.45,4.2,23.45,20,Slot
404,404,0,58701,Franklin Major,SP,18,23.44,2.89,23.44,20,Slot
405,405,0,48511,Jim Blaisdell,SP,23,23.43,1.13,23.43,35,$230k
406,406,0,58705,Martin Bayon,C,22,23.42,23.42,0.0,30,Slot
407,407,0,57115,Mike Marte,SP,18,23.4,0.63,29.25,30,$500k
408,408,0,58675,T.J. Purtle,CF,18,23.38,23.38,0.0,25,Slot
409,409,0,58024,Dave Albanese,C,21,23.36,23.36,0.0,20,Slot
410,410,0,57379,Jose Ochoa,3B,17,23.34,23.34,0.0,20,Slot
411,411,0,57955,Dan Gaines,SS,22,23.33,23.33,0.0,30,Slot
412,412,0,57328,Omar Aguilar,CF,18,23.27,23.27,0.0,20,Slot
413,413,0,57305,B.J. Jensen,SP,18,23.17,0.42,28.96,35,$550k
414,414,0,58739,Joe Fadely,2B,21,23.11,23.11,0.0,20,Slot
415,415,0,21239,Robert Flores,SS,22,23.06,23.06,0.0,40,Slot
416,416,0,58101,Dan Taylor,RF,20,23.0,23.0,0.0,30,Slot
417,417,0,57995,Dan Hall,CF,18,22.95,22.95,0.0,20,Slot
418,418,0,57892,Bobby Keith,LF,21,22.94,22.94,0.0,20,Slot
419,419,0,57315,Dave Richardson,SP,18,22.89,1.38,22.89,20,Slot
420,420,0,40582,Bobby Peralta,CF,21,22.88,22.88,0.0,20,Slot
421,421,0,58110,Nate Dotson,RF,18,22.87,22.87,0.0,30,Slot
422,422,0,58708,Aggelos Dotson,SP,21,22.86,5.56,22.86,20,Slot
423,423,0,57230,Bob Kelly,SS,18,22.85,22.85,0.0,20,Slot
424,424,0,58108,Dave Bengel,2B,21,22.82,22.82,0.0,20,Slot
425,425,0,58032,D.J. Polanco,CF,17,22.81,22.81,0.0,20,Slot
426,426,0,57836,Chris Harrison,SP,21,22.8,0.74,22.8,30,Slot
427,427,0,57120,Joel Knight,LF,17,22.73,22.73,0.0,20,Slot
428,428,0,51320,Ernesto Guerrero,RF,23,22.72,22.72,0.0,30,Slot
429,429,0,42224,Jon Tetreault,C,21,22.7,22.7,0.0,30,Slot
430,430,0,57807,Lev Jung,3B,21,22.66,22.66,0.0,20,Slot
431,431,0,25016,Wop Middendorp,CF,21,22.63,22.63,0.0,25,Slot
432,432,0,57785,Chris Pollok,2B,21,22.61,22.61,0.0,20,Slot
433,433,0,42607,Mike Green,1B,18,22.57,22.57,0.0,30,Slot
434,434,0,57915,Tom Feist,RF,21,22.54,22.54,0.0,25,Slot
435,435,0,39644,C.J. McNair,SP,21,22.47,1.78,22.47,20,$340k
436,436,0,59651,Steve Loadholt,SP,21,22.44,3.27,22.44,20,Slot
437,437,0,58732,Tim Eassson,RF,18,22.4,22.4,0.0,30,Slot
438,438,0,19229,Andy Dittrich,CF,21,22.37,22.37,0.0,25,Slot
439,439,0,58747,Brendan Dahmen,SP,22,22.34,7.38,22.34,20,Slot
440,440,0,57166,Gabe Senko,C,18,22.27,22.27,0.0,25,Slot
441,441,0,57247,Danny Escalante,SS,18,22.27,22.27,0.0,20,Slot
442,442,0,57419,Johnny Singer,SP,18,22.23,0.45,27.79,20,$500k
443,443,0,57946,Josh McNary,1B,21,22.16,22.16,0.0,30,Slot
444,444,0,40588,Jim Patterson,SP,22,22.14,1.68,27.68,20,$410k
445,445,0,58040,Willie Carpio,SP,22,22.08,1.19,22.08,25,Slot
446,446,0,42988,Jon Quillan,SP,21,22.07,17.93,16.53,20,Slot
447,447,0,57274,Jon Armstrong,SP,18,21.98,3.52,21.98,20,Slot
448,448,0,58097,Josh Peplinski,LF,20,21.91,21.91,0.0,20,Slot
449,449,0,57797,Nate Arce,LF,21,21.76,21.76,0.0,20,Slot
450,450,0,57126,Nehemiah Copeland,SS,18,21.71,21.71,0.0,20,Slot
451,451,0,57139,Zach Towey,C,18,21.65,21.65,3.17,25,Slot
452,452,0,57816,Dan Capra,RF,21,21.64,21.64,6.61,25,Slot
453,453,0,52756,Chris Powell,LF,21,21.61,21.61,0.0,35,Slot
454,454,0,57300,Josh Williams,C,18,21.57,21.57,0.0,30,Slot
455,455,0,57242,Chris McKeever,SP,18,21.55,0.25,21.55,20,Slot
456,456,0,57811,Sean Hughes,SP,22,21.52,2.73,21.52,25,Slot
457,457,0,58105,Sean Sheesley,SP,21,21.5,2.79,21.5,20,Slot
458,458,0,18918,Danny Hitchcock,SS,21,21.44,21.44,0.0,20,Slot
459,459,0,40174,Joey Long,SS,21,21.42,21.42,0.0,20,Slot
460,460,0,57897,Brad Willcox,SP,21,21.4,0.54,21.4,20,Slot
461,461,0,58073,Juan Morales,CF,18,21.38,21.38,0.0,25,Slot
462,462,0,58725,Sean Bush,C,21,21.37,21.37,0.0,25,Slot
463,463,0,57999,Joe Goetzinger,3B,21,21.15,21.15,0.0,20,Slot
464,464,0,57355,Justin Gooding,SS,18,21.13,21.13,0.0,25,Slot
465,465,0,43579,Jake Dentremont,SP,21,21.12,1.66,21.12,20,Slot
466,466,0,58714,Raul Barrera,CL,21,21.11,2.35,21.11,50,$170k
467,467,0,57360,Alec Meredith,3B,18,21.1,21.1,0.0,20,Slot
468,468,0,28599,Sam Finn,C,21,21.09,21.09,0.0,20,Slot
469,469,0,58000,Bobby Nektalov,SP,21,20.98,1.84,20.98,20,Slot
470,470,0,57402,Chris Wahl,3B,18,20.96,20.96,0.0,20,Slot
471,471,0,57984,Bobby Cloud,2B,21,20.93,20.93,0.0,20,Slot
472,472,0,57089,Justin Hudson,2B,17,20.92,20.92,0.0,20,Slot
473,473,0,57323,Dan Rotter,SP,17,20.88,8.49,20.88,20,Slot
474,474,0,57960,Chris Cooper,SP,21,20.76,2.41,20.76,20,Slot
475,475,0,57138,Luis Matute,C,18,20.73,20.73,0.0,30,Slot
476,476,0,57149,Chris DeLuke,2B,17,20.72,20.72,0.0,20,Slot
477,477,0,48248,Robby Blackmer,SP,22,20.7,8.51,20.7,20,Slot
478,478,0,28637,Pete Broughton,SS,18,20.68,20.68,0.0,25,Slot
479,479,0,57146,Jeremiah Brown,SS,17,20.68,20.68,0.0,20,Slot
480,480,0,57904,Robby Tolbert,CF,21,20.62,20.62,0.0,25,Slot
481,481,0,58053,Kevin Leigh,SP,21,20.53,2.32,20.53,20,Slot
482,482,0,57198,Jim Jones,SP,18,20.52,2.74,20.52,20,Slot
483,483,0,57163,Derrick Jones,RF,18,20.46,25.57,0.0,30,$550k
484,484,0,57324,Jose Romero,SS,18,20.44,20.44,2.38,20,Slot
485,485,0,57778,Lupe Suarez,SP,21,20.43,0.73,20.43,20,Slot
486,486,0,58109,Jimmy Flynn,SP,17,20.41,3.89,20.41,20,Slot
487,487,0,57096,Steve Richardson,3B,18,20.27,20.27,0.0,20,Slot
488,488,0,57187,Jeremy Kanter,CF,18,20.21,20.21,0.0,20,Slot
489,489,0,28622,Jeremy Cooper,SP,21,20.16,2.3,20.16,20,Slot
490,490,0,58014,Josh Thomazin,SP,18,20.15,4.74,20.15,20,Slot
491,491,0,57216,Mike Tramontin,C,19,20.07,20.07,0.0,20,Slot
492,492,0,58008,Jody Sowinski,C,18,20.06,20.06,0.0,20,Slot
493,493,0,58709,Jim Carr,CF,18,20.04,20.04,0.0,20,Slot
494,494,0,58695,Randy Donahey,3B,21,20.04,20.04,0.0,20,Slot
495,495,0,57082,Eddie Downing,CF,18,19.98,19.98,0.0,20,Slot
496,496,0,56493,Nate Fairless,SP,19,19.95,8.12,19.95,20,Slot
497,497,0,57982,Josh Cox,CF,21,19.91,19.91,0.0,25,Slot
498,498,0,57319,Alfredo Galvan,CF,18,19.89,49.73,0.0,35,Impossible
499,499,0,57085,Danny Parks,C,18,19.89,19.89,0.0,20,Slot
500,500,0,57241,Randy Smiley,SP,18,19.89,0.32,24.86,25,$500k
501,501,0,58713,Chris Crawford,RF,22,19.89,19.89,0.0,30,Slot
502,502,0,57834,Jody Hughes,SP,21,19.85,8.6,19.85,20,Slot
503,503,0,57924,Toby Orozco,SP,18,19.85,0.31,19.85,20,Slot
504,504,0,56723,Manny Soto,SP,19,19.82,1.23,19.82,20,Slot
505,505,0,57282,Jerry Balcom,RF,18,19.79,19.79,0.0,25,Slot
506,506,0,57167,Chris Lewis,C,18,19.76,19.76,0.0,20,Slot
507,507,0,57136,Jim Booth,SP,18,19.75,10.21,17.2,20,Slot
508,508,0,49322,Rod Cardon,2B,21,19.73,19.73,0.0,20,Slot
509,509,0,51171,Ezequiel Sandoval,C,19,19.73,19.73,0.0,40,Slot
510,510,0,57793,Dimitri Scovell,CF,18,19.72,19.72,0.0,20,Slot
511,511,0,42875,Tim Sewell,SP,18,19.67,1.29,49.18,45,$4.0m
512,512,0,57338,Tim Harmon,SP,18,19.66,0.5,19.66,20,Slot
513,513,0,57875,Rob Dugan,SP,18,19.65,0.25,19.65,20,Slot
514,514,0,57168,Andy Crawford,2B,18,19.65,19.65,0.0,20,Slot
515,515,0,58010,Grant Wesman,SP,17,19.6,0.91,19.6,20,Slot
516,516,0,58757,Jeremy LaRue,SP,18,19.6,2.09,19.6,20,Slot
517,517,0,57264,Sam Highsmith,SP,18,19.58,6.77,19.58,25,Slot
518,518,0,57801,Greg Brewer,3B,18,19.39,19.39,0.0,20,Slot
519,519,0,58763,Jonathan Hendee,SP,21,19.23,1.6,24.04,35,$550k
520,520,0,39873,Chris Hammond,CL,22,19.2,2.46,19.2,40,Slot
521,521,0,32993,Tim Arnold,SP,18,19.18,8.66,17.02,20,Slot
522,522,0,29236,Scott Hampton,RF,22,19.17,19.17,0.0,25,Slot
523,523,0,58769,Joe Hix,SP,21,19.15,1.47,19.15,20,Slot
524,524,0,58079,Andy McConaghy,RF,18,19.08,19.08,0.0,25,Slot
525,525,0,57079,Ken Amato,SP,17,19.08,0.32,23.85,40,$500k
526,526,0,58685,Joe Nicoles,SP,21,19.04,0.42,47.6,50,$3.8m
527,527,0,59653,Juan Portillo,SP,19,19.02,6.49,19.02,20,Slot
528,528,0,57874,Chris Flores,SP,17,19.02,2.31,19.02,20,Slot
529,529,0,58046,Ken Powers,SP,21,18.96,0.96,18.96,20,Slot
530,530,0,57170,Jeff Silva,SP,18,18.94,1.59,47.34,45,$6.5m
531,531,0,58727,Bret Stalans,SP,21,18.93,1.69,18.93,20,Slot
532,532,0,57856,Chris Randall,C,18,18.87,18.87,0.0,20,Slot
533,533,0,57071,Dave Logue,SP,18,18.86,2.28,18.86,20,Slot
534,534,0,25646,Billy Wiechman,RF,19,18.81,18.81,0.0,30,Slot
535,535,0,57800,Chris Sudduth,3B,19,18.76,18.76,0.0,20,Slot
536,536,0,2031,Josh McConnell,SP,21,18.73,0.91,18.73,30,Slot
537,537,0,56934,Jayden Green,SP,22,18.72,1.5,18.72,20,Slot
538,538,0,58114,Eddie Carr,SP,21,18.7,3.86,18.7,20,Slot
539,539,0,58076,Devon Villa,CF,21,18.69,18.69,0.0,20,Slot
540,540,0,58667,Chris Caldwell,1B,21,18.67,18.67,4.99,30,Slot
541,541,0,57351,Ken Postell,RF,18,18.66,18.66,0.0,25,Slot
542,542,0,57087,Mike Decker,SP,18,18.6,0.26,18.6,20,Slot
543,543,0,57917,Jonathan Hobbs,CF,22,18.59,18.59,0.0,20,Slot
544,544,0,58742,Phil Dempsey,CF,22,18.59,18.59,0.0,20,Slot
545,545,0,57884,Jaden Threatt,3B,21,18.58,18.58,7.21,20,Slot
546,546,0,25833,Cameron Craft,SP,20,18.57,1.03,18.57,25,Slot
547,547,0,58720,Ed Thomas,SP,22,18.54,1.71,18.54,20,Slot
548,548,0,58045,Tim Thornton,SP,19,18.53,2.04,18.53,20,Slot
549,549,0,41238,Mike Warren,SP,21,18.5,1.59,18.5,20,Slot
550,550,0,57422,Pat McKinstry,CF,17,18.49,15.98,10.05,20,Slot
551,551,0,21287,Mitch Place,SP,17,18.44,5.45,18.44,20,Slot
552,552,0,48484,Juan Padilla,CF,22,18.4,18.4,0.0,30,Slot
553,553,0,50618,Chris Brown,CF,23,18.37,18.37,0.0,25,Slot
554,554,0,57233,Brad Magee,LF,18,18.37,18.37,0.0,20,Slot
555,555,0,58039,Andy Alvarez,SP,21,18.34,4.82,18.34,20,Slot
556,556,0,57394,Charlie Maloney,SP,17,18.28,2.34,18.28,20,Slot
557,557,0,58057,Tim Greenhaw,SP,21,18.27,1.86,18.27,20,Slot
558,558,0,57236,Stephen Pezos,RF,18,18.26,18.26,3.98,25,Slot
559,559,0,58030,Ruben Buozzi,SP,21,18.25,3.67,22.81,30,$550k
560,560,0,57239,Chris Montgomery,RF,17,18.24,22.8,0.0,30,$550k
561,561,0,48355,Dong-kwan Lee,C,22,18.16,18.16,0.0,20,Slot
562,562,0,48515,Jose Hinojosa,C,22,18.16,15.33,11.32,20,Slot
563,563,0,57181,Norm Hanna,2B,18,18.15,18.15,0.0,20,Slot
564,564,0,57313,Jonathan Sarbaugh,C,18,18.15,18.15,0.0,20,Slot
565,565,0,57113,Branden Cocci,C,18,18.12,18.12,0.0,20,Slot
566,566,0,57991,Jerry Northrup,CF,21,18.04,18.04,0.0,20,Slot
567,567,0,24681,Robby Robison,SS,22,18.03,18.03,0.0,30,Slot
568,568,0,57135,Ivan Careaga,2B,18,17.99,17.99,0.0,20,Slot
569,569,0,57411,Micah Windham,1B,17,17.95,17.95,0.0,30,Slot
570,570,0,43784,Phil Miramontes,SP,18,17.93,3.1,17.93,20,Slot
571,571,0,57105,Vince Adair,SP,18,17.92,0.51,17.92,20,Slot
572,572,0,57223,Ben Troutman,CF,17,17.92,17.92,0.0,20,Slot
573,573,0,58018,Greg Lawrence,SP,21,17.89,1.96,17.89,20,Slot
574,574,0,52997,Mike Helt,SP,19,17.88,0.24,17.88,25,Slot
575,575,0,57833,Kevin Burton,1B,21,17.86,17.86,0.0,25,Slot
576,576,0,57788,Tony Wilson,SP,22,17.84,2.14,17.84,20,Slot
577,577,0,57159,Chris Andrews,RP,18,17.84,3.65,17.84,45,Slot
578,578,0,57340,Joe Weatherly,C,18,17.82,17.82,0.0,20,Slot
579,579,0,57121,Robinson Cancel Jr.,SP,18,17.8,6.67,17.8,25,Slot
580,580,0,58756,Jon Scott,SP,22,17.79,2.76,17.79,20,Slot
581,581,0,20302,Steve Lovern,SP,22,17.79,6.64,17.79,20,Slot
582,582,0,58013,Ron Browning,2B,21,17.74,17.74,0.0,20,Slot
583,583,0,57969,Chris Ruder,SP,18,17.63,1.02,17.63,20,Slot
584,584,0,57128,Jerry Widner,C,18,17.61,17.61,0.0,20,Slot
585,585,0,21542,Jorge Flores,3B,21,17.59,17.59,0.0,25,Slot
586,586,0,35565,Jim Mattson,C,22,17.53,17.53,0.0,20,Slot
587,587,0,26612,Dan Rodgers,2B,20,17.52,17.52,0.0,20,Slot
588,588,0,57977,Jordan Vazquez,RP,18,17.48,5.03,17.48,40,Slot
589,589,0,57346,Marc Nyquist,3B,18,17.48,17.48,0.0,20,Slot
590,590,0,57109,Eric Fetner,2B,17,17.42,17.42,0.0,20,Slot
591,591,0,57182,Mike Young,SP,18,17.37,2.15,17.37,20,Slot
592,592,0,57820,Tim Moorman,SP,22,17.35,4.31,43.38,50,$3.6m
593,593,0,57826,Alex Shreve,CF,17,17.32,17.32,0.0,20,Slot
594,594,0,58706,Zach McKinnis,C,22,17.29,17.29,0.0,25,Slot
595,595,0,57285,Lloyd Terwilliger,SP,18,17.29,4.61,17.29,20,Slot
596,596,0,52513,Chris Richards,SP,20,17.28,5.3,17.28,20,Slot
597,597,0,57190,Ron Gurley,2B,18,17.25,17.25,0.0,20,Slot
598,598,0,57929,Jon Brattin,SP,22,17.24,1.45,21.56,30,$460k
599,599,0,37,Sebastien Peoples,SP,20,17.24,5.61,17.24,20,Slot
600,600,0,58710,Bob Cappetta,SP,18,17.18,0.85,42.94,55,$8.0m
601,601,0,58060,Dave Morton,SP,21,17.16,0.41,17.16,20,Slot
602,602,0,23623,Adrian Vasquez,C,22,17.01,17.01,0.0,35,Slot
603,603,0,57372,Eric Wehrkamp,CF,18,17.0,17.0,0.0,20,Slot
604,604,0,57180,Bobby Higginson,SP,18,16.98,0.34,16.98,20,Slot
605,605,0,57227,Chris Stephens,2B,17,16.98,16.98,0.0,20,Slot
606,606,0,57210,Jeff Price,SP,18,16.98,3.96,21.22,25,$500k
607,607,0,26917,Ruben Navia,SP,21,16.84,2.75,16.84,20,Slot
608,608,0,57870,Jamie Mahan,SP,18,16.82,2.69,16.82,20,Slot
609,609,0,57099,Davis Vanbuskirk,SP,17,16.79,0.92,16.79,20,Slot
610,610,0,57858,Jeff Robins,SP,17,16.77,3.96,16.77,20,Slot
611,611,0,57164,Dan McCoy,3B,18,16.74,16.74,0.0,20,Slot
612,612,0,57354,Nick Lowery,SP,18,16.72,0.4,16.72,20,Slot
613,613,0,57308,Chris Altland,2B,18,16.69,16.69,0.0,20,Slot
614,614,0,57288,Chad Hamilton,LF,18,16.58,16.58,0.0,20,Slot
615,615,0,48345,Ruben Urtiz,SP,20,16.58,1.98,16.58,20,Slot
616,616,0,53019,Jared Dollar,SP,22,16.56,0.84,16.56,25,Slot
617,617,0,58099,Jared Hartsell,SP,22,16.56,3.74,41.39,45,$4.4m
618,618,0,58047,Eddie Denton,SP,20,16.5,0.65,16.5,20,Slot
619,619,0,57339,Victor Munoz,SP,18,16.47,1.71,16.47,20,Slot
620,620,0,57306,Raul Gutierrez,SP,18,16.46,1.0,16.46,20,Slot
621,621,0,40431,Eric Wagner,SS,21,16.45,16.45,0.0,20,Slot
622,622,0,55424,Jamie Bramlitt,SP,20,16.36,0.21,16.36,20,Slot
623,623,0,57779,Joey Zur,C,18,16.24,16.24,0.0,20,Slot
624,624,0,57398,Sam Rousso,SP,18,16.21,1.02,16.21,20,Slot
625,625,0,57997,Jared Wiebe,SP,22,16.18,1.84,16.18,20,Slot
626,626,0,27584,Alex Castro,CF,21,16.17,16.17,4.01,20,Slot
627,627,0,57916,Jaden Murry,SP,22,16.15,3.42,16.15,20,Slot
628,628,0,43802,Jerry McCreary,LF,22,16.13,16.13,0.0,20,Slot
629,629,0,58026,Justin Hill,C,18,16.12,16.12,0.0,20,Slot
630,630,0,57384,Billy Gomez,C,18,16.08,16.08,0.0,20,Slot
631,631,0,57173,Brad Gray,SP,18,16.0,0.27,16.0,20,Slot
632,632,0,48379,Alfredo Moreno,SP,21,15.96,3.25,15.96,20,Slot
633,633,0,57262,Tyler Hilson,RP,18,15.9,0.39,19.87,45,$550k
634,634,0,57855,Jan Burke,3B,21,15.89,15.89,0.0,20,Slot
635,635,0,57986,Pete Garvey,SS,22,15.87,15.87,0.0,25,Slot
636,636,0,28608,Mike Parker,C,21,15.87,15.87,0.0,30,Slot
637,637,0,57983,Ivan Campis,SP,17,15.84,1.03,15.84,20,Slot
638,638,0,57883,Jerry Zepeda,SP,21,15.83,6.23,15.83,20,Slot
639,639,0,57427,Kurt Staats,SS,18,15.83,10.22,13.28,20,Slot
640,640,0,58087,Eric Merrell,C,21,15.8,15.8,0.0,20,Slot
641,641,0,58121,Mike Arthur,C,21,15.79,15.79,0.0,20,Slot
642,642,0,57081,Jonathan Aviles,SP,18,15.78,0.43,15.78,20,Slot
643,643,0,58752,Roman Arellano,RF,22,15.72,15.72,0.0,25,Slot
644,644,0,57827,Josh Schmitz,CL,21,15.72,6.84,19.65,50,$380k
645,645,0,28255,Omar Colon,C,22,15.71,15.71,0.0,20,Slot
646,646,0,57942,Chris McCraney,2B,21,15.64,15.64,0.0,20,Slot
647,647,0,58735,Ruben Moreno,SP,18,15.59,3.72,38.98,30,$3.8m
648,648,0,57261,Pat Blatchley,3B,18,15.53,15.53,0.0,20,Slot
649,649,0,57899,Dave Jardine,SP,21,15.53,4.11,15.53,20,Slot
650,650,0,57981,Tim Moon,SP,18,15.49,3.78,15.49,20,Slot
651,651,0,58082,Marc Lyons,CF,21,15.45,15.45,0.0,20,Slot
652,652,0,57335,Qin-shu Lee,SP,18,15.42,1.02,15.42,20,Slot
653,653,0,57395,Billy Nixon,SP,18,15.42,0.46,15.42,20,Slot
654,654,0,58702,Tim Brand,SP,21,15.4,0.87,38.5,45,$3.2m
655,655,0,58762,Eric Sinks,SP,21,15.35,2.9,15.35,20,Slot
656,656,0,57366,Chris Dotter,SP,18,15.35,0.31,15.35,20,Slot
657,657,0,58070,Joe Battle,SP,18,15.3,0.45,15.3,20,Slot
658,658,0,58103,Josh Bohannon,1B,18,15.26,15.26,0.0,20,Slot
659,659,0,58107,Marco Sosa,3B,21,15.23,15.23,6.47,20,Slot
660,660,0,57990,Kevin Thomas,1B,21,15.22,15.22,0.0,30,Slot
661,661,0,57281,Dave Harrington,SP,18,15.21,0.35,15.21,20,Slot
662,662,0,57951,Nate Hanley,SP,21,15.17,0.28,15.17,20,Slot
663,663,0,58717,Mike Schooler,SP,21,15.17,2.67,15.17,20,Slot
664,664,0,57276,Josh Blackwood,C,18,15.13,15.13,0.0,20,Slot
665,665,0,39695,Erik Craig,SP,19,15.08,3.91,15.08,20,Slot
666,666,0,57913,Omari Busby,SP,17,15.05,2.0,15.05,20,Slot
667,667,0,57988,Chris Flores,CL,21,15.04,0.28,37.59,80,$4.2m
668,668,0,58066,Dusty Parenti,C,21,15.01,15.01,0.0,20,Slot
669,669,0,57808,Ignacio Camacho,C,22,14.98,14.98,0.0,20,Slot
670,670,0,52187,Tony Duffy,SP,20,14.94,3.49,37.35,45,$1.7m
671,671,0,57404,Eli Munoz,SP,18,14.9,0.41,14.9,20,Slot
672,672,0,57129,Ben Adkins,SP,18,14.9,0.85,14.9,20,Slot
673,673,0,57073,Brad Marquis,SP,18,14.86,18.24,32.6,35,$1.1m
674,674,0,57196,Ramon Valdez,SP,18,14.83,1.94,14.83,20,Slot
675,675,0,58682,Dan Sinno,2B,22,14.81,14.81,0.0,20,Slot
676,676,0,57157,Jonathan Wood,1B,18,14.78,14.78,0.0,20,Slot
677,677,0,58111,Kasey Yost,C,21,14.65,14.65,0.0,20,Slot
678,678,0,41197,Jim Duffy,SP,21,14.64,3.42,14.64,20,Slot
679,679,0,24348,Marc Meadows,SP,17,14.63,3.71,36.56,40,$2.6m
680,680,0,30669,Jim Blain,1B,18,14.59,14.59,0.0,20,Slot
681,681,0,57252,Sal Contreras,C,18,14.52,14.52,0.0,20,Slot
682,682,0,1721,Jonathan D'Occhio,C,21,14.51,14.51,0.0,20,Slot
683,683,0,51628,Jerry Parrish,SP,19,14.49,1.51,14.49,20,Slot
684,684,0,26906,Ricky Diaz,SP,22,14.48,1.7,14.48,20,Slot
685,685,0,40952,Jonathan Kotch,LF,21,14.47,14.47,0.0,20,Slot
686,686,0,52438,Mike Volpe,C,23,14.46,14.46,0.0,25,Slot
687,687,0,39915,Kory Ramsey,CF,21,14.45,14.45,0.0,20,Slot
688,688,0,57277,Steve Lister,RP,18,14.44,2.67,14.44,40,Slot
689,689,0,57882,Willie Trujillo,SP,18,14.36,6.95,12.62,20,Slot
690,690,0,48203,Bert Martin,SP,21,14.36,4.89,14.36,25,Slot
691,691,0,52156,Randy Brower,SP,22,14.36,2.39,14.36,20,Slot
692,692,0,57786,Juan Zepeda,2B,22,14.35,14.35,0.0,20,Slot
693,693,0,57349,Joe Glasser,CF,17,14.25,14.25,0.0,20,Slot
694,694,0,57839,Jalen Bowman,C,18,14.25,14.25,0.0,25,Slot
695,695,0,58712,A.J. Valiquette,C,21,14.23,14.23,0.0,20,Slot
696,696,0,57382,Ben Varner,CF,17,14.21,14.21,0.0,20,Slot
697,697,0,57199,Conor Moon,C,17,14.12,14.12,0.0,20,Slot
698,698,0,58074,Jim Cross,SP,18,14.11,7.12,12.33,20,Slot
699,699,0,58760,Danny Fonseca,SP,21,14.07,2.15,14.07,20,Slot
700,700,0,57970,Danny Matheson,3B,21,14.06,14.06,0.0,20,Slot
701,701,0,57273,Zach Popham,CF,17,14.05,14.05,0.0,20,Slot
702,702,0,57385,Joel Adams,C,18,14.02,14.02,0.0,20,Slot
703,703,0,58115,Jonathan McMillan,SP,21,13.98,6.49,12.36,20,Slot
704,704,0,58737,Devin Dixon,C,22,13.97,13.97,0.0,20,Slot
705,705,0,57272,Bobby de la Fuente,CF,19,13.96,13.96,0.0,20,Slot
706,706,0,51772,Andy Parker,SP,22,13.95,5.61,13.95,20,Slot
707,707,0,57278,Dan Maston,C,18,13.91,13.91,0.0,20,Slot
708,708,0,49081,Josh Heyerdahl,RP,21,13.9,11.18,10.88,30,Slot
709,709,0,28470,D.J. Rawe,LF,21,13.86,13.86,0.0,20,Slot
710,710,0,59655,Zach Butler,SP,23,13.85,0.27,13.85,20,Slot
711,711,0,57919,Alfredo Noyola,RP,22,13.81,2.54,13.81,40,Slot
712,712,0,19996,Christian Sankoh,SP,21,13.8,6.12,13.8,20,Slot
713,713,0,57209,Adrian Hatchett,C,18,13.78,13.78,0.0,20,Slot
714,714,0,57980,Dave Rodriguez,SP,21,13.76,1.19,13.76,20,Slot
715,715,0,58680,Sam Deaton,C,21,13.7,13.7,0.0,20,Slot
716,716,0,57350,Justin McCord,SP,17,13.67,2.41,13.67,20,Slot
717,717,0,57966,Chris Porras,C,21,13.62,13.62,0.0,20,Slot
718,718,0,22101,Nate Madison,SP,22,13.6,0.85,13.6,20,Slot
719,719,0,57902,Danny Meaney,SP,21,13.56,1.88,13.56,20,Slot
720,720,0,57421,Chris Allen,SP,18,13.56,0.38,13.56,20,Slot
721,721,0,57162,Dave Mitchell,SP,18,13.54,2.18,33.85,25,$1.1m
722,722,0,59657,Chris Arias,SP,23,13.43,1.69,13.43,20,Slot
723,723,0,57857,Tony Zaragoza,C,17,13.43,13.43,0.0,20,Slot
724,724,0,19696,Pat Eaves,SP,21,13.43,1.28,13.43,20,Slot
725,725,0,57390,Ken Bacak,CF,18,13.37,13.37,0.0,20,Slot
726,726,0,58081,Joe Merino,1B,18,13.33,13.33,0.0,20,Slot
727,727,0,57927,Jon Knoppel,SP,18,13.32,10.68,10.57,20,Slot
728,728,0,57122,Jonathan Balash,SP,18,13.24,0.26,33.09,20,Impossible
729,729,0,57804,Chris Byers,C,21,13.22,13.22,0.0,20,Slot
730,730,0,43002,Randy Dintaman,SP,18,13.09,0.97,13.09,20,Slot
731,731,0,57871,Jose Menchaca,SP,18,13.08,6.45,13.08,20,Slot
732,732,0,57979,Freddie Lechtenberg,SP,22,13.08,2.89,13.08,20,Slot
733,733,0,57110,Randy Phillips,C,17,13.04,13.04,0.0,20,Slot
734,734,0,57175,Dave Peters,SP,18,12.94,1.41,12.94,20,Slot
735,735,0,57371,Phil Whitcomb,SP,18,12.94,0.52,12.94,20,Slot
736,736,0,57928,Paul Tudose,SP,21,12.91,1.33,12.91,20,Slot
737,737,0,58728,Kurt Chadwick,C,17,12.9,12.9,0.0,20,Slot
738,738,0,52136,Mike Ravenell,SP,21,12.86,9.21,10.56,20,Slot
739,739,0,58758,Develson Taylor,SP,21,12.82,2.3,12.82,20,Slot
740,740,0,57848,Chris Blackmon,SS,18,12.81,12.81,0.0,20,Slot
741,741,0,57367,Caleb Thibodeaux,RP,18,12.81,0.41,12.81,40,Slot
742,742,0,42767,Robby Loper,RF,18,12.79,12.79,1.11,20,Slot
743,743,0,48090,Danny Sandoval,SP,22,12.75,1.11,31.88,50,$1.7m
744,744,0,57837,Tim Harrell,SP,22,12.74,0.77,12.74,20,Slot
745,745,0,57376,Ryan Hocutt,SP,18,12.73,2.63,12.73,20,Slot
746,746,0,57851,Terrence Key,SP,21,12.73,1.79,12.73,20,Slot
747,747,0,58068,Eric Harris,CL,21,12.67,2.94,12.67,40,Slot
748,748,0,57151,Ivan Higginbotham,SP,18,12.63,3.44,12.63,20,Slot
749,749,0,42091,Omar Tristan,C,18,12.63,12.63,0.0,20,Slot
750,750,0,57200,Mike Kelley,C,18,12.59,12.59,0.0,20,Slot
751,751,0,57256,Juan Melchor,SP,18,12.58,2.01,12.58,20,Slot
752,752,0,57137,Kelby Marr,SP,17,12.57,4.73,12.57,20,Slot
753,753,0,51893,Pat Peyrot,SP,21,12.57,0.28,12.57,20,Slot
754,754,0,58674,Dave Gaudette,2B,21,12.57,12.57,0.0,20,Slot
755,755,0,57429,Chris Henchey,2B,18,12.56,12.56,0.0,20,Slot
756,756,0,57401,Ronnie Cantley,SP,18,12.49,0.34,12.49,20,Slot
757,757,0,57818,Jamie Baker,SP,21,12.48,8.34,31.19,30,$650k
758,758,0,58751,Nate Armstrong,SP,18,12.46,0.48,12.46,20,Slot
759,759,0,57852,Mike Giacalone,SP,18,12.43,0.23,12.43,20,Slot
760,760,0,58697,Vince Price,1B,18,12.36,12.36,0.0,20,Slot
761,761,0,58016,Kevin Young,SP,21,12.35,1.65,12.35,20,Slot
762,762,0,56492,Danny Hernandes,LF,20,12.33,12.33,0.0,20,Slot
763,763,0,58770,Josh Powers,SP,21,12.3,2.45,12.3,20,Slot
764,764,0,57849,Mike Spearman,SP,18,12.28,0.46,30.7,40,$850k
765,765,0,51244,Doug Frank,SP,23,12.27,3.64,12.27,20,Slot
766,766,0,58745,Jim Meszaros,SP,21,12.27,1.49,30.67,50,$3.2m
767,767,0,57189,Mitch McDonald,SP,18,12.26,1.92,12.26,20,Slot
768,768,0,57922,Sean Hamby,SP,22,12.19,3.19,30.47,40,$950k
769,769,0,57433,Mike Ammann,1B,18,12.15,12.15,0.0,20,Slot
770,770,0,51657,Ayden Bourdeau,C,22,12.14,12.14,0.0,20,Slot
771,771,0,57809,Jordan Lyles Jr.,2B,18,12.11,12.11,0.0,20,Slot
772,772,0,48121,Jimmy Caldwell,SP,21,12.1,5.13,12.1,20,Slot
773,773,0,58664,Erik Williams,C,20,12.08,12.08,0.0,20,Slot
774,774,0,57934,Josh Rutta,SP,22,12.06,2.91,12.06,20,Slot
775,775,0,19792,Willie Montalvo,SP,21,12.04,0.3,30.09,35,$700k
776,776,0,57894,Chris Bailey,SP,22,12.03,4.53,12.03,20,Slot
777,777,0,57158,Jeremy Jenkins,SP,18,12.03,0.33,12.03,20,Slot
778,778,0,58744,Pat Stephens,SP,21,12.02,2.86,12.02,20,Slot
779,779,0,56551,Jack Buffy,RP,18,12.02,1.87,12.02,30,Slot
780,780,0,58089,Pat Brooks,RF,22,11.99,11.99,0.0,20,Slot
781,781,0,57213,Jonathan Howlett,SP,18,11.97,0.34,29.92,40,Impossible
782,782,0,57375,Craig Gilberds,SP,18,11.94,0.91,11.94,20,Slot
783,783,0,40841,Ron Viaene,SP,21,11.9,2.28,29.74,35,$1.1m
784,784,0,57111,Steve bin Jabir,SP,17,11.89,1.3,29.73,25,$850k
785,785,0,57141,Mike Harris,SP,18,11.87,6.93,10.14,20,Slot
786,786,0,40299,Jeremy Mann,SP,20,11.85,1.95,11.85,20,Slot
787,787,0,58106,Josh Quiroz,SP,21,11.82,0.3,11.82,20,Slot
788,788,0,48582,Mike Cliett,SP,22,11.81,2.01,11.81,20,Slot
789,789,0,57932,Jorge Sarabia,SP,18,11.79,1.82,29.48,30,$700k
790,790,0,58094,Kevin Poole,SP,21,11.67,4.8,11.67,20,Slot
791,791,0,58071,Alex Salinas,SP,18,11.67,5.27,10.36,20,Slot
792,792,0,58001,Pat Griffin,RF,18,11.62,29.05,0.0,35,Impossible
793,793,0,56710,Jeremy McCorkle,SP,19,11.6,0.24,11.6,20,Slot
794,794,0,57374,Devin Willoughby,C,18,11.6,11.6,0.0,20,Slot
795,795,0,57861,Tony Vargas,SP,21,11.6,1.28,28.99,25,$650k
796,796,0,57956,Greg Lott,SP,22,11.57,3.33,11.57,20,Slot
797,797,0,52779,Dylan Kessinger,SP,22,11.55,4.06,11.55,20,Slot
798,798,0,40956,Doug Wallace,2B,21,11.55,11.55,0.0,20,Slot
799,799,0,58681,Ã‰douard Peron,SP,18,11.52,1.35,11.52,20,Slot
800,800,0,58048,Jon Andrews,SP,21,11.52,3.85,28.81,40,$650k
801,801,0,57078,Dan Kalinka,SP,18,11.5,0.4,11.5,20,Slot
802,802,0,58677,Dave Downing,SP,21,11.48,2.13,28.7,40,$3.4m
803,803,0,57195,Mike Rosa,SP,18,11.47,1.01,11.47,20,Slot
804,804,0,57343,Mike Howell,SP,18,11.46,0.28,11.46,20,Slot
805,805,0,57293,Jim Vasquez,SP,18,11.45,5.35,11.45,20,Slot
806,806,0,52378,Mike Smith,SP,23,11.41,1.96,11.41,20,Slot
807,807,0,57805,Josh Parham,C,18,11.39,11.39,0.0,20,Slot
808,808,0,57813,Chad Hanson,SP,21,11.28,0.87,11.28,20,Slot
809,809,0,58765,Mike Brandt,SP,21,11.27,7.67,9.35,20,Slot
810,810,0,58700,Mel Rangel,SP,22,11.22,0.47,11.22,20,Slot
811,811,0,57854,Steve Turnage,SP,21,11.1,1.57,11.1,20,Slot
812,812,0,58084,Ernesto Cardoza,SP,18,10.99,0.99,10.99,20,Slot
813,813,0,23385,Juan Moreno,2B,23,10.98,10.98,0.0,20,Slot
814,814,0,57312,Chris Reed,LF,18,10.96,10.96,0.0,20,Slot
815,815,0,57307,Sam Brewer,SP,18,10.93,0.85,10.93,20,Slot
816,816,0,28427,Pat Lamborn,SP,18,10.91,2.74,27.27,30,$4.0m
817,817,0,42204,Eric Barbara,SP,21,10.87,1.84,10.87,20,Slot
818,818,0,57226,Jody Watkins,SP,18,10.86,1.48,10.86,20,Slot
819,819,0,51343,Jimmy Norell,SP,22,10.86,2.88,10.86,20,Slot
820,820,0,57144,Tony Hight,SP,18,10.85,0.34,10.85,20,Slot
821,821,0,48812,Joey Cambel,SP,20,10.84,9.12,6.91,20,Slot
822,822,0,58686,Tommy Eggleston,SP,21,10.81,1.38,10.81,20,Slot
823,823,0,57866,Josh Margo,SS,18,10.67,26.68,0.0,25,Impossible
824,824,0,26057,Jeff Starkey,SP,21,10.67,1.77,10.67,20,Slot
825,825,0,57204,Jake Hardaway,C,18,10.67,26.67,0.0,20,Impossible
826,826,0,57093,Danny Arias,SP,18,10.63,1.84,10.63,20,Slot
827,827,0,57798,Curt Griffin,SP,18,10.6,7.91,8.62,20,Slot
828,828,0,57850,Mat Rosencrans,SP,17,10.59,1.99,10.59,20,Slot
829,829,0,57914,Steve Bowser,SP,20,10.59,1.32,10.59,20,Slot
830,830,0,57263,Vince McGlenn,SP,18,10.58,0.23,10.58,20,Slot
831,831,0,56570,Gabe Cox,SP,19,10.55,1.85,10.55,20,Slot
832,832,0,22702,Eric Langley,SP,21,10.51,4.84,10.51,20,Slot
833,833,0,58050,Octavio Carrillo,SP,21,10.47,1.25,10.47,20,Slot
834,834,0,57423,Sid Michitsch,SP,18,10.44,5.12,10.44,20,Slot
835,835,0,56726,Kory Dollins,SP,19,10.4,3.49,10.4,20,Slot
836,836,0,58002,Totaro Ota,1B,21,10.39,10.39,0.0,20,Slot
837,837,0,57192,Bryce Boyle,3B,18,10.35,10.35,0.0,20,Slot
838,838,0,57909,Chris Thomas,1B,21,10.35,10.35,0.0,20,Slot
839,839,0,57070,Victor Hurtado,C,18,10.31,10.31,0.0,20,Slot
840,840,0,58004,Jeff Billman,SP,18,10.31,0.36,10.31,20,Slot
841,841,0,57945,Chris Greenwood,2B,21,10.28,10.28,0.0,20,Slot
842,842,0,52338,B.J. Schneberger,SP,22,10.27,1.69,10.27,20,Slot
843,843,0,58750,Mario Flores,SP,21,10.25,0.95,10.25,20,Slot
844,844,0,57094,Jose Arenas,SP,18,10.18,3.04,10.18,20,Slot
845,845,0,57830,Chris Bermingham,2B,22,10.15,10.15,0.0,20,Slot
846,846,0,57963,Tim Goss,C,21,10.1,10.1,0.0,20,Slot
847,847,0,57083,Manny Ramirez,SP,18,10.09,5.94,8.61,20,Slot
848,848,0,58023,Chris Gill,2B,18,10.01,10.01,0.0,20,Slot
849,849,0,57795,Billy Pisano,SP,18,10.0,1.04,10.0,20,Slot
850,850,0,57812,Chris Rushing,RP,21,9.99,1.25,9.99,40,Slot
851,851,0,57050,D.J. Brown,SP,22,9.94,1.81,9.94,20,Slot
852,852,0,57225,Phil Moore,SP,18,9.91,1.51,9.91,20,Slot
853,853,0,58007,Chad Ortiz,1B,21,9.91,9.91,0.0,20,Slot
854,854,0,57790,Danny Aguirre,C,21,9.85,9.85,0.0,20,Slot
855,855,0,57132,Joe Blanchard,SP,18,9.78,0.31,9.78,20,Slot
856,856,0,57881,Pete DePauw,SP,21,9.78,0.97,9.78,20,Slot
857,857,0,57780,Efren Edwards,SP,21,9.73,1.65,9.73,20,Slot
858,858,0,57828,Josh Baldwin,SP,21,9.7,2.62,9.7,20,Slot
859,859,0,58722,Jon Jaime,SP,21,9.66,1.51,9.66,20,Slot
860,860,0,894,Justin Mackey,2B,20,9.65,9.65,0.0,20,Slot
861,861,0,57414,Phil Batton,SP,18,9.63,11.45,21.22,20,$1.1m
862,862,0,57998,Mike Iseman,SP,21,9.61,5.54,24.02,30,$900k
863,863,0,51240,Chris Castonia,SP,22,9.58,0.89,9.58,20,Slot
864,864,0,58037,Manny Aguirre,SP,21,9.57,2.9,9.57,20,Slot
865,865,0,57400,Jeff Robinson,SS,18,9.56,9.56,0.0,20,Slot
866,866,0,57903,Bob Peddle,C,21,9.53,9.53,0.0,20,Slot
867,867,0,57260,Jared Degnan,SP,19,9.46,0.33,9.46,20,Slot
868,868,0,57889,Jeff Camp,SP,22,9.4,0.76,9.4,20,Slot
869,869,0,57815,Josh Bailey,SP,21,9.33,3.59,9.33,20,Slot
870,870,0,57161,Chris Terrell,LF,18,9.2,9.2,0.0,20,Slot
871,871,0,57389,Wally Hackett,SP,18,9.2,2.56,9.2,20,Slot
872,872,0,58119,Alex Delgado,SP,18,9.17,2.16,9.17,20,Slot
873,873,0,24237,Jake Lange,SP,18,9.17,2.18,9.17,20,Slot
874,874,0,59648,Alex Flores,SP,21,9.09,1.32,9.09,20,Slot
875,875,0,57865,Orlando Gongora,C,22,9.01,9.01,0.0,20,Slot
876,876,0,57895,Mario Pineiro,SP,20,8.97,1.02,8.97,20,Slot
877,877,0,57380,Josh Risinger,SP,17,8.97,3.21,8.97,20,Slot
878,878,0,57258,Steve Kohler,C,18,8.94,8.94,0.0,20,Slot
879,879,0,57396,Jim Donoho,RP,18,8.85,3.02,8.85,40,Slot
880,880,0,58669,Oscar Esquival,SP,21,8.75,2.0,8.75,20,Slot
881,881,0,57368,Marco Padilla,C,18,8.73,21.83,0.0,30,Impossible
882,882,0,57891,Mike Gill,SP,21,8.72,6.88,7.0,20,Slot
883,883,0,57316,Don Trenholm,SP,17,8.66,3.56,8.66,20,Slot
884,884,0,2007,Steve Mock,SP,17,8.65,2.12,21.62,20,Impossible
885,885,0,57318,Jeff Manuel,SP,18,8.64,0.54,8.64,20,Slot
886,886,0,58754,David Burns,SP,18,8.61,2.39,8.61,20,Slot
887,887,0,57117,Chris Haynes,SP,18,8.59,0.46,8.59,20,Slot
888,888,0,28367,Josh McPherson,RP,17,8.54,6.88,6.64,40,Slot
889,889,0,58043,Mike Buda,SP,21,8.53,1.53,21.33,40,$950k
890,890,0,57064,Mike Stone,SP,18,8.52,0.94,21.29,20,Impossible
891,891,0,56821,Ken Wainwright,SP,22,8.42,0.82,8.42,20,Slot
892,892,0,40193,Josh Gass,C,21,8.41,8.41,0.0,20,Slot
893,893,0,57695,Vic Duboff,SP,23,8.39,7.29,4.41,20,Slot
894,894,0,57959,Darius Edwards,SP,18,8.28,0.85,20.69,20,$650k
895,895,0,58772,Dave Byrne,SP,18,8.26,0.93,8.26,20,Slot
896,896,0,58077,Jim McClain,RP,17,8.24,1.32,8.24,20,Slot
897,897,0,57286,Darius Hymes,SP,18,8.21,0.2,8.21,20,Slot
898,898,0,57330,Ben Hopper,SP,18,8.15,0.6,8.15,20,Slot
899,899,0,57108,Dan Geisler,C,17,8.04,8.04,0.0,20,Slot
900,900,0,58120,J.J. McMurdie,C,21,8.04,8.04,0.0,20,Slot
901,901,0,58028,Mike Olson,SP,17,7.96,1.48,7.96,20,Slot
902,902,0,56929,Dave Martins,SP,19,7.96,0.47,7.96,20,Slot
903,903,0,57831,Mike McWilliams,SP,21,7.91,4.05,6.9,20,Slot
904,904,0,50301,Sean Boutwell,SP,22,7.91,3.61,7.91,20,Slot
905,905,0,57095,Willie Arauz,SP,18,7.9,0.4,7.9,20,Slot
906,906,0,57102,Brad Evans,SP,18,7.8,3.8,7.8,20,Slot
907,907,0,39661,Chris Walsh,RF,21,7.74,7.74,0.0,20,Slot
908,908,0,59645,Pat Curtis,SP,21,7.73,3.28,7.73,20,Slot
909,909,0,57407,Dan Klett,RP,18,7.69,7.69,0.0,20,Slot
910,910,0,39590,Andy Boyd,SP,22,7.61,2.85,7.61,20,Slot
911,911,0,58034,Bob Auton,SP,22,7.59,0.95,7.59,20,Slot
912,912,0,57142,Pat Traynor,C,18,7.57,7.57,0.0,20,Slot
913,913,0,57304,Randy Wood,SP,18,7.56,0.83,7.56,20,Slot
914,914,0,56219,Josh Galbraith,SP,20,7.5,3.78,6.55,20,Slot
915,915,0,58102,Ted Holfelder,SP,21,7.47,0.26,7.47,20,Slot
916,916,0,57287,Sean Alarcon,SP,18,7.43,6.01,5.68,20,Slot
917,917,0,57097,Jonathan Erwin,SP,18,7.33,1.92,7.33,20,Slot
918,918,0,57353,Josh Phillips,SP,18,7.26,0.31,7.26,20,Slot
919,919,0,56985,Ricky Gomez,SP,18,7.26,1.08,7.26,20,Slot
920,920,0,43529,Joe DeVincent,SP,18,7.25,1.58,7.25,20,Slot
921,921,0,57334,Jaime Phillips,SP,18,7.24,2.43,7.24,20,Slot
922,922,0,57152,Andy Cooper,SP,18,7.19,0.25,7.19,20,Slot
923,923,0,57397,Joel Thompson,SP,18,7.17,0.32,7.17,20,Slot
924,924,0,57266,Caleb Faunce,SP,18,7.11,2.03,7.11,20,Slot
925,925,0,57325,Josh Forte,SP,18,7.1,2.78,7.1,20,Slot
926,926,0,58069,J.T. Sesta,SP,18,7.06,0.32,7.06,20,Slot
927,927,0,57342,Dan Fritzinger,2B,17,7.05,17.61,0.0,20,Impossible
928,928,0,57224,Jim Reffitt,SS,18,7.02,17.54,0.0,20,Impossible
929,929,0,40930,Mike Lackey,SP,21,6.99,0.35,6.99,20,Slot
930,930,0,56487,Ian Carmona,SP,18,6.89,0.97,6.89,20,Slot
931,931,0,57303,Bob McCloud,SP,18,6.87,2.55,6.87,20,Slot
932,932,0,58703,Tony Molina,SP,21,6.79,2.57,6.79,20,Slot
933,933,0,58688,Josh Makepeace,SP,18,6.74,0.48,6.74,20,Slot
934,934,0,24461,Randy Vincent,SP,18,6.74,0.57,6.74,20,Slot
935,935,0,27214,Joel Benson,SP,21,6.73,2.44,6.73,20,Slot
936,936,0,56387,Josh Weaver,SP,19,6.73,4.39,5.63,20,Slot
937,937,0,57221,Sean Kennon,SP,18,6.71,2.9,6.71,20,Slot
938,938,0,57188,Jared Taylor,SP,18,6.65,0.92,6.65,20,Slot
939,939,0,57358,Juan Herrera,SP,17,6.65,0.24,6.65,20,Slot
940,940,0,57863,Sean Wilkinson,SP,18,6.64,0.24,6.64,20,Slot
941,941,0,27459,Mike Fortman,SP,21,6.57,4.99,5.32,20,Slot
942,942,0,57896,Tommy Davis,RP,18,6.52,0.99,6.52,35,Slot
943,943,0,57853,Jeff Stevens,SP,22,6.51,1.66,6.51,20,Slot
944,944,0,58015,Chris Welch,SP,18,6.42,0.37,6.42,20,Slot
945,945,0,23835,Joe Steinbach,SP,21,6.22,2.73,6.22,20,Slot
946,946,0,19338,Mike Maske,SP,21,6.16,2.77,5.47,20,Slot
947,947,0,57408,Mike Greco,SP,18,6.14,0.2,6.14,20,Slot
948,948,0,58690,George Acker,SP,22,6.14,3.17,5.34,20,Slot
949,949,0,57947,Pat Heard,SP,22,6.1,0.82,15.26,35,$1.1m
950,950,0,57215,Kinnon Potter,SP,18,6.01,1.46,6.01,20,Slot
951,951,0,57949,Sam Pruitt,SP,18,5.94,2.54,5.94,20,Slot
952,952,0,57116,Ricky Vargas,SP,17,5.9,1.17,5.9,20,Slot
953,953,0,57114,Bill Waterman,SP,18,5.86,3.73,4.92,20,Slot
954,954,0,58029,Dave Johnson,SP,21,5.86,0.93,5.86,20,Slot
955,955,0,55572,Pat Spiller,C,20,5.85,3.32,5.02,20,Slot
956,956,0,57207,Eric Seabert,SP,18,5.84,0.38,5.84,20,Slot
957,957,0,57994,Mike Weick,SP,22,5.8,1.61,5.8,20,Slot
958,958,0,57134,Dave Stuart,SP,18,5.79,1.43,5.79,20,Slot
959,959,0,57806,Chris Earich,SP,22,5.76,0.22,14.4,20,$600k
960,960,0,57237,Phil Jenkins,SP,18,5.76,0.42,5.76,20,Slot
961,961,0,55370,Josh Hudson,SP,20,5.72,0.21,5.72,20,Slot
962,962,0,58759,Jonathan Gamboa,SP,18,5.69,0.82,5.69,20,Slot
963,963,0,57294,Tim McElhanon,RP,17,5.66,4.0,4.66,20,Slot
964,964,0,57289,Alexis Ruiz,SS,18,5.62,14.04,0.0,20,Impossible
965,965,0,19901,A.C. Adrian,CL,21,5.52,2.53,4.88,20,Slot
966,966,0,57829,Jonathan McCorkle,SP,21,5.51,0.57,5.51,20,Slot
967,967,0,57337,Phil Truelove,2B,17,5.47,13.67,0.0,20,Impossible
968,968,0,57361,Tony Robinson,SP,17,5.43,2.43,5.43,20,Slot
969,969,0,58044,Steve Boss,SP,18,5.4,0.3,5.4,20,Slot
970,970,0,57150,Danny Edison,SP,18,5.38,0.55,5.38,20,Slot
971,971,0,57381,Bobby Kingston,SP,17,5.36,1.22,5.36,20,Slot
972,972,0,57107,Jamie Robertson,C,17,5.33,4.66,2.66,20,Slot
973,973,0,58746,Jerry Ortega,SP,21,5.32,1.18,5.32,20,Slot
974,974,0,57908,Steve Getz,C,18,5.3,5.3,0.0,20,Slot
975,975,0,49299,Omar Blanco,SP,23,5.29,2.62,5.29,20,Slot
976,976,0,58671,Mike Getz,SP,21,5.28,0.82,5.28,20,Slot
977,977,0,58749,Clint Cumings,RP,21,5.27,3.04,4.5,20,Slot
978,978,0,57232,Davin Palmer,3B,18,5.25,13.12,0.0,20,Impossible
979,979,0,48579,Chad Finkley,SP,22,5.24,0.96,5.24,20,Slot
980,980,0,58123,Ian Taylor,RP,17,5.21,5.21,0.0,20,Slot
981,981,0,57068,Jimmy Patterson,SP,18,5.19,2.54,4.56,20,Slot
982,982,0,57133,Ken Gillespie,SP,18,5.16,0.47,5.16,20,Slot
983,983,0,57291,Nate Garner,SP,18,5.13,1.13,12.83,20,Impossible
984,984,0,58738,Andy McGrath,SP,21,5.02,2.13,5.02,20,Slot
985,985,0,40183,Dylan Dodge,SP,20,5.01,0.69,5.01,20,Slot
986,986,0,55453,Jesus Robles,SP,20,4.94,1.02,4.94,20,Slot
987,987,0,51960,Eddie Robertson,SP,21,4.78,2.15,4.24,20,Slot
988,988,0,57412,Orlando Lascano,SP,18,4.75,2.79,4.06,20,Slot
989,989,0,58768,Dave Hume,RP,18,4.54,1.75,4.54,20,Slot
990,990,0,57912,Josh Ford,RP,21,4.48,4.48,0.0,20,Slot
991,991,0,58730,Dave Sheehan,SP,22,4.46,2.15,3.92,20,Slot
992,992,0,57202,Edwin Solis,SP,18,4.41,4.41,1.09,20,Slot
993,993,0,57284,Josh King,RP,18,4.32,0.34,4.32,20,Slot
994,994,0,57140,Dave Fuentes,SP,17,4.31,0.74,4.31,20,Slot
995,995,0,57118,Masahiro Tokunaga,1B,18,4.3,4.3,0.0,20,Slot
996,996,0,57154,Alex Cain,SP,18,4.15,0.83,4.15,20,Slot
997,997,0,57953,Isaiah Skipper,CF,18,4.15,10.37,0.0,20,Impossible
998,998,0,56887,Ernie Foster,SP,22,4.09,1.97,3.6,20,Slot
999,999,0,57231,Shamim Kashani,SP,18,4.09,1.0,4.09,20,Slot
1000,1000,0,19903,Jonathan Franklin,SP,23,4.08,0.25,4.08,20,Slot
1001,1001,0,19675,Mike Borah,SP,21,4.02,0.54,4.02,20,Slot
1002,1002,0,58707,Jim Edwards,SP,18,4.01,1.67,4.01,20,Slot
1003,1003,0,58078,Erik Diamond,SP,21,3.98,3.98,0.0,20,Slot
1004,1004,0,57194,Erik Winters,SP,18,3.95,1.23,3.95,20,Slot
1005,1005,0,57911,Mat Reese,RP,21,3.95,3.95,0.0,20,Slot
1006,1006,0,57954,Mike Navarro,SP,18,3.86,0.82,3.86,20,Slot
1007,1007,0,40469,Tony Garibay,SP,21,3.83,1.83,3.83,20,Slot
1008,1008,0,57296,Jordan Miller,RP,18,3.83,3.83,0.0,20,Slot
1009,1009,0,57311,Omar Tenorio,RP,18,3.82,0.31,3.82,20,Slot
1010,1010,0,58724,Dave Saldana,RP,22,3.76,3.76,0.0,20,Slot
1011,1011,0,56798,Bret Marlar,SP,23,3.68,1.45,3.68,20,Slot
1012,1012,0,56469,Dave Godina,SP,18,3.67,0.2,3.67,20,Slot
1013,1013,0,57426,Erik Reiss,RP,18,3.63,3.63,0.0,20,Slot
1014,1014,0,58058,Alex de Jesus,CL,21,3.63,0.99,3.63,20,Slot
1015,1015,0,19913,Jake Dollarhide,SP,21,3.62,3.62,0.0,20,Slot
1016,1016,0,21535,Danny Mitchel,RP,22,3.61,3.61,0.0,20,Slot
1017,1017,0,58117,Tony Quintana,SP,21,3.41,0.29,3.41,20,Slot
1018,1018,0,57409,Zach Cantoral,RP,18,3.34,3.34,0.0,20,Slot
1019,1019,0,57961,Jose Valdez,SP,17,3.2,0.82,3.2,20,Slot
1020,1020,0,57838,Mike Shelby,RP,22,3.19,3.19,0.0,20,Slot
1021,1021,0,57357,Omar Guerrero,SP,18,3.13,0.26,3.13,20,Slot
1022,1022,0,57985,Jorge Ortiz,RP,22,3.1,3.1,0.0,20,Slot
1023,1023,0,42986,Jerry Rojano,RP,21,3.04,3.04,0.0,20,Slot
1024,1024,0,57299,Jon Henninger,SP,18,3.02,2.63,1.54,20,Slot
1025,1025,0,57783,Eric Berquist,SP,18,2.95,1.07,2.95,20,Slot
1026,1026,0,58088,Eli Kowalski,SP,21,2.95,1.11,2.95,20,Slot
1027,1027,0,53021,Joe Shepard,RP,22,2.94,2.94,0.0,20,Slot
1028,1028,0,24657,Josh Tucker,RP,18,2.94,2.94,0.0,20,Slot
1029,1029,0,57352,Joel Klein,SP,18,2.92,0.45,2.92,20,Slot
1030,1030,0,57088,Steve Kroeger,RP,18,2.89,2.89,0.0,20,Slot
1031,1031,0,57893,Mike Johnson,SP,17,2.82,0.23,2.82,20,Slot
1032,1032,0,40456,Kevin Harmon,SP,22,2.79,1.79,2.34,20,Slot
1033,1033,0,57326,Jonathon Dixon,SP,18,2.75,0.74,2.75,20,Slot
1034,1034,0,57814,Chris Kirby,SP,18,2.7,0.63,6.74,20,Impossible
1035,1035,0,57246,Mike Curtis,SP,18,2.67,1.05,2.67,20,Slot
1036,1036,0,57989,Jose Sarabia,RP,18,2.64,2.64,0.0,20,Slot
1037,1037,0,27638,Chris Williams,SP,21,2.63,2.63,0.0,20,Slot
1038,1038,0,57174,Phil Cini,SP,18,2.61,0.23,2.61,20,Slot
1039,1039,0,57784,Zach Robinson,RP,21,2.61,2.61,0.0,20,Slot
1040,1040,0,57327,Chris Halverson,SP,18,2.58,0.31,2.58,20,Slot
1041,1041,0,58080,Ron Beerman,RP,21,2.48,2.48,0.0,20,Slot
1042,1042,0,57112,Danny Ramirez,SP,17,2.42,0.25,2.42,20,Slot
1043,1043,0,21045,Josh Byrd,RP,21,2.37,2.37,0.0,20,Slot
1044,1044,0,58104,Ruben de la Cruz,SP,21,2.27,2.27,0.17,20,Slot
1045,1045,0,40978,Ronnie Griffith,SP,22,2.27,0.88,2.27,20,Slot
1046,1046,0,40890,Nate Rommes,SP,20,2.2,0.31,2.2,20,Slot
1047,1047,0,43595,Steve Hooks,CL,21,2.15,2.15,0.96,20,Slot
1048,1048,0,57065,Kory Phillips,SP,18,2.13,0.3,2.13,20,Slot
1049,1049,0,56581,Steve Brea,RP,19,2.08,2.08,0.0,20,Slot
1050,1050,0,21844,Tyler Tate,RP,22,2.06,2.06,0.0,20,Slot
1051,1051,0,56672,Joe Cameron,RP,19,2.04,2.04,0.0,20,Slot
1052,1052,0,58021,Josh Tere,SP,18,2.01,0.92,1.78,20,Slot
1053,1053,0,58093,Jeff Dillon,RP,21,1.88,1.88,0.91,20,Slot
1054,1054,0,57975,Pat Allwein,RP,22,1.87,0.61,1.87,20,Slot
1055,1055,0,57270,Mike Vraa,SP,18,1.87,1.87,0.41,20,Slot
1056,1056,0,58663,Joe Sanders,RP,18,1.86,1.86,0.0,20,Slot
1057,1057,0,57179,Jeremiah Phillips,SP,18,1.84,1.84,0.51,20,Slot
1058,1058,0,21594,Chase Tate,RP,22,1.84,1.84,0.0,20,Slot
1059,1059,0,57754,Mike Salvagio,RP,22,1.75,1.75,0.0,20,Slot
1060,1060,0,58766,Steve Frye,SP,20,1.71,1.71,0.0,20,Slot
1061,1061,0,57817,Ernie Foertsch,RP,21,1.71,1.71,0.0,20,Slot
1062,1062,0,56800,Eric Moon,SP,23,1.65,1.65,0.67,20,Slot
1063,1063,0,24035,Ken Hartman,RP,22,1.64,1.64,0.0,20,Slot
1064,1064,0,59652,Dan Eggers,CL,20,1.54,1.54,0.0,20,Slot
1065,1065,0,25740,Bobby Rivera,SP,22,1.5,1.5,0.0,20,Slot
1066,1066,0,41278,Tony Robertson,SP,21,1.48,1.48,0.66,20,Slot
1067,1067,0,57940,Joe Baumgarten,RP,17,1.48,1.48,0.0,20,Slot
1068,1068,0,59656,Jim West,CL,21,1.44,1.44,0.0,20,Slot
1069,1069,0,57058,Jonathan Burrous,RP,23,1.43,1.43,0.0,20,Slot
1070,1070,0,57859,Jon Lawson,RP,21,1.39,1.39,0.0,20,Slot
1071,1071,0,57240,Shawn Prescott,RP,17,1.33,1.33,0.0,20,Slot
1072,1072,0,21330,Eric Tully,RP,22,1.31,1.31,0.0,20,Slot
1073,1073,0,57220,Chris McMahon,RP,18,1.28,1.28,0.0,20,Slot
1074,1074,0,57844,Alex Valencia,SP,18,1.24,1.24,0.58,20,Slot
1075,1075,0,58122,Tommy Lundy,SP,18,1.21,1.07,0.56,20,Slot
1076,1076,0,57862,Mario Mendoza,RP,21,0.96,0.96,0.0,20,Slot
1077,1077,0,57992,Ivan Tovar,RP,21,0.95,0.95,0.0,20,Slot
1078,1078,0,57791,Bobby Edgington,SP,17,0.94,0.94,0.0,20,Slot
1079,1079,0,57873,Mike Morphew,RP,21,0.94,0.94,0.0,20,Slot
1080,1080,0,795,Jim Payne,RP,22,0.88,0.88,0.0,20,Slot
1081,1081,0,40170,Ben Vargas,SP,20,0.88,0.88,0.0,20,Slot
1082,1082,0,57967,Eric Finley,RP,22,0.87,0.87,0.0,20,Slot
1083,1083,0,56780,Bret Ludwig,RP,22,0.85,0.85,0.0,20,Slot
1084,1084,0,57843,Angel Zambrano,SP,22,0.82,0.82,0.0,20,Slot
1085,1085,0,52829,Jerry Gatewood,SP,22,0.72,0.72,0.0,20,Slot
1086,1086,0,40463,Juan Gomez,SP,21,0.67,0.67,0.0,20,Slot
1087,1087,0,58059,Eric Boyd,RP,17,0.6,0.6,0.0,20,Slot
1088,1088,0,57921,Mike Lanham,RP,18,0.58,0.58,0.0,20,Slot
1089,1089,0,57907,Oscar Ward,RP,18,0.56,0.56,0.0,20,Slot
1090,1090,0,57255,Jamie Taylor,RP,18,0.56,0.56,0.0,20,Slot
1091,1091,0,40388,Eddie Lovell,SP,21,0.53,0.53,0.0,20,Slot
1092,1092,0,57244,Chris Gulledge,C,18,0.48,0.48,0.0,20,Slot
1093,1093,0,57183,Joe Green,RP,17,0.47,0.47,0.0,20,Slot
1094,1094,0,57229,Bob Luzzi,SP,18,0.43,0.43,0.0,20,Slot
1095,1095,0,57100,Zach Eaton,SP,18,0.37,0.37,0.0,20,Slot
1096,1096,0,58676,Ramon Alvarez,RP,18,0.32,0.32,0.0,20,Slot
1097,1097,0,57160,Chris Frank,RP,18,0.31,0.31,0.0,20,Slot
1098,1098,0,40921,Danny Boring,SP,21,0.29,0.29,0.0,20,Slot
1099,1099,0,57203,Jorge de la Fuente,SP,18,0.29,0.29,0.0,20,Slot
1100,1100,0,40457,Luis Mario Lovvorn,SP,21,0.29,0.29,0.0,20,Slot
1101,1101,0,57845,Danny Beatty,SP,18,0.29,0.29,0.0,20,Slot
1102,1102,0,57941,Nate Mecham,RP,22,0.28,0.28,0.0,20,Slot
1103,1103,0,57378,Phil Farabaugh,RP,18,0.28,0.28,0.0,20,Slot
1104,1104,0,57864,Andy DeCarlo,RP,18,0.28,0.28,0.0,20,Slot
1105,1105,0,40905,Justin Duff,SP,21,0.25,0.25,0.0,20,Slot
1106,1106,0,55704,Andres Fernandez,SP,20,0.25,0.25,0.0,20,Slot
1107,1107,0,57782,Eric Finan,RP,21,0.23,0.23,0.0,20,Slot
1108,1108,0,24872,Rusty LeBeau,RP,22,0.22,0.22,0.0,20,Slot
1109,1109,0,40514,Mike Angeli,SP,21,0.18,0.18,0.0,20,Slot
